Date,Message
2025-12-31T21:00:00.000-03:00,"SEED=bar_index,close,ema3,sma3,ema5,sma5"
2025-12-31T21:00:00.000-03:00,"SEED=0,0.01213,na,na,na,na"
2025-12-31T22:00:00.000-03:00,"SEED=1,0.01213,na,na,na,na"
2025-12-31T23:00:00.000-03:00,"SEED=2,0.01222,0.01216,0.01216,na,na"
2026-01-01T00:00:00.000-03:00,"SEED=3,0.01222,0.01219,0.01219,na,na"
2026-01-01T01:00:00.000-03:00,"SEED=4,0.01231,0.01225,0.01225,0.012202,0.012202"
2026-01-01T02:00:00.000-03:00,"SEED=5,0.01227,0.01226,0.0122666667,0.0122246667,0.01223"
2026-01-01T03:00:00.000-03:00,"SEED=6,0.01217,0.012215,0.01225,0.0122064444,0.012238"
2026-01-01T04:00:00.000-03:00,"SEED=7,0.01249,0.0123525,0.01231,0.012300963,0.012292"
2026-01-01T05:00:00.000-03:00,"SEED=8,0.01254,0.01244625,0.0124,0.012380642,0.012356"
2026-01-01T06:00:00.000-03:00,"SEED=9,0.01249,0.012468125,0.0125066667,0.0124170947,0.012392"
2026-01-01T07:00:00.000-03:00,"SEED=10,0.01252,0.0124940625,0.0125166667,0.0124513964,0.012442"
2026-01-01T08:00:00.000-03:00,"SEED=11,0.01254,0.0125170313,0.0125166667,0.012480931,0.012516"
2026-09-01T08:00:00.000-03:00,"CSV=time,open,high,low,close,volume,bb_up,bb_mid,bb_lo,bbw,dip,dim,adx,swing_high,roc,vol_ma,rel_vol,vwm,st_line,st_dir,ema_trend,atr"
2026-09-01T08:00:00.000-03:00,"CSV=1788260400000,0.00906,0.009143,0.008956,0.009094,47286856,0.010949,0.0119784423,0.0099195577,8.594125227,9.8157667555,33.2333958097,36.696444922,0.01079,-11.8114817688,118244130.8,0.3999086947,-11.2961436071,0.0104531816,1,0.0104934276,0.0004678939"
2026-09-01T09:00:00.000-03:00,"CSV=1788264000000,0.009093,0.009156,0.00893,0.009113,61285658,0.01091062,0.0119715435,0.0098496965,8.8620442635,9.500598749,32.5357145534,37.9032242751,0.01079,-6.4661808478,106774281.8,0.5739739661,-8.7679022269,0.0103741135,1,0.010479692,0.0004437045"
2026-09-01T10:00:00.000-03:00,"CSV=1788267600000,0.009118,0.009165,0.00901,0.009153,47685014,0.01087272,0.0119615402,0.0097838998,9.1026752192,9.4154475496,31.7857565744,38.9960279711,0.01061,-6.8870803662,104705368.8,0.4554209067,-6.8907749463,0.0103320021,1,0.0104664911,0.000414834"
2026-09-01T11:00:00.000-03:00,"CSV=1788271200000,0.009157,0.009167,0.008841,0.008895,71487716,0.01083238,0.0119558117,0.0097089483,9.3965318646,8.9505315075,32.7760193961,40.2028998969,0.01061,-6.8878886214,92632210.1,0.7717371303,-6.3657297638,0.0102218519,1,0.0104508543,0.0004059506"
2026-09-01T12:00:00.000-03:00,"CSV=1788274800000,0.008893,0.008946,0.008704,0.008877,75017554,0.0107914,0.0119475636,0.0096352364,9.6769820777,8.612300269,33.6767399711,41.4739966383,0.01061,-6.8324937028,95063410.1,0.7891317377,-6.0410657186,0.0099936667,1,0.0104351941,0.0003895556"
2026-09-01T13:00:00.000-03:00,"CSV=1788278400000,0.008879,0.008884,0.00863,0.008716,84520074,0.01074492,0.0119363324,0.0095535076,9.9813943062,8.2612322288,33.4915559289,42.7375886988,0.01061,-6.6609552367,95544551.7,0.8846142715,-5.9915025005,0.009885,1,0.0104180877,0.000376"
2026-09-01T14:00:00.000-03:00,"CSV=1788282000000,0.008719,0.008733,0.008604,0.008671,53861434,0.01068314,0.0119001289,0.0094661511,10.2266863871,8.081962008,33.2021511148,43.9448900191,0.01061,-9.6488485985,91567841.6,0.588213428,-5.8861957704,0.0097224,1,0.0104007037,0.0003513"
2026-09-01T15:00:00.000-03:00,"CSV=1788285600000,0.008671,0.008813,0.008423,0.008633,118718464,0.01061794,0.0118555171,0.0093803629,10.4388285729,7.5511799173,34.0695921814,45.2628552763,0.01061,-5.1422920558,83179283.8,1.4272599928,-6.3705930878,0.00968351,1,0.0103831146,0.00035517"
2026-09-01T16:00:00.000-03:00,"CSV=1788289200000,0.008635,0.008685,0.008543,0.008588,46426546,0.01054394,0.0117900348,0.0092978452,10.5690509729,7.3625482637,33.2185194247,46.492956183,0.01061,-5.167844523,68477272.3,0.677984745,-5.4149686423,0.009615559,1,0.0103652528,0.000333853"
2026-09-01T17:00:00.000-03:00,"CSV=1788292800000,0.00859,0.008842,0.008584,0.008786,46019097,0.0104714,0.0117121375,0.0092306625,10.5936042109,9.8430895387,31.6780510291,46.899264193,0.01061,-3.0028703908,65230841.3,0.7054806604,-4.316134757,0.009615559,1,0.0103495388,0.0003262677"
2026-09-01T18:00:00.000-03:00,"CSV=1788296400000,0.008786,0.008792,0.008606,0.008778,28770666,0.0104053,0.0116464556,0.0091641444,10.6569386137,9.5027001535,30.5825746269,47.2784850023,0.010379,-3.4748185617,63379222.3,0.4539447623,-3.4032150667,0.009615559,1,0.0103339016,0.0003122409"
2026-09-01T19:00:00.000-03:00,"CSV=1788300000000,0.008778,0.008778,0.008554,0.008621,41226503,0.0103383,0.0115835407,0.0090930593,10.7500872502,9.096788994,30.2678355898,47.7120466062,0.009931,-5.3988807199,61373306.8,0.6717334481,-3.4776796318,0.0095762505,1,0.0103168578,0.0003034168"
2026-09-01T20:00:00.000-03:00,"CSV=1788303600000,0.008623,0.008693,0.00855,0.008565,33717655,0.01027534,0.0115290371,0.0090216429,10.8742566876,8.8385532296,29.4880109877,48.1230878122,0.009931,-6.4241232383,59976570.9,0.5621804397,-3.5222918968,0.0094836255,1,0.0102994264,0.0002873752"
2026-09-01T21:00:00.000-03:00,"CSV=1788307200000,0.008564,0.008616,0.008426,0.008522,55553474,0.0102101,0.0114684573,0.0089517427,10.9723326456,8.4952444304,30.877596184,48.7046943269,0.009867,-4.1933670601,58383146.7,0.9515327135,-3.6782365769,0.0093539129,1,0.0102817406,0.0002776376"
2026-09-01T22:00:00.000-03:00,"CSV=1788310800000,0.008524,0.008547,0.008333,0.00839,44092794,0.01015704,0.01143494,0.00887914,11.1753978392,8.1148721748,31.4408778277,49.3890446468,0.009867,-5.4860876422,55290670.7,0.7974725834,-3.9104925462,0.0092538216,1,0.0102629173,0.0002712739"
2026-09-01T23:00:00.000-03:00,"CSV=1788314400000,0.00839,0.008522,0.008386,0.008468,28361896,0.01009966,0.0113876612,0.0088116588,11.3104979868,7.8747897984,30.5106844122,50.0277716121,0.009867,-2.8453419,49674852.9,0.5709507798,-3.1485117563,0.0092272395,1,0.0102450574,0.0002577465"
2026-09-02T00:00:00.000-03:00,"CSV=1788318000000,0.008468,0.00848,0.00819,0.008281,85369400,0.01003388,0.0113290759,0.0087386841,11.4324941821,7.3762105315,32.8580596812,50.9148330334,0.009635,-4.4977511244,52825649.5,1.6160596378,-4.5218858553,0.0091179155,1,0.0102255146,0.0002609718"
2026-09-02T01:00:00.000-03:00,"CSV=1788321600000,0.008276,0.008403,0.008138,0.008291,76722122,0.00997086,0.0112726502,0.0086690698,11.5482174523,6.9456639818,32.0855134525,51.8144882997,0.00928,-3.9615429167,48626015.3,1.5777998984,-5.0980979074,0.009054624,1,0.0102062657,0.0002613747"
2026-09-02T02:00:00.000-03:00,"CSV=1788325200000,0.008291,0.008489,0.008266,0.00844,39773325,0.00990222,0.0111923867,0.0086120533,11.5271812946,8.5265026475,30.4813689418,52.1124003471,0.009246,-1.7233348859,47960693.2,0.8292900362,-3.8751134216,0.009054624,1,0.0101886909,0.0002575372"
2026-09-02T03:00:00.000-03:00,"CSV=1788328800000,0.008438,0.008651,0.008352,0.008586,73025611,0.00983952,0.0111158774,0.0085631626,11.4822914527,11.5857931491,28.4388061974,51.4453495058,0.009167,-2.2763487366,50661344.6,1.4414463646,-3.677153818,0.009054624,1,0.0101727437,0.0002616835"
2026-09-02T04:00:00.000-03:00,"CSV=1788332400000,0.008585,0.008683,0.008354,0.008515,52100774,0.00977456,0.0110339091,0.0085152109,11.413444358,11.4496586179,26.3566243389,50.6443170977,0.009167,-2.9961266803,52994355.4,0.9831381778,-3.4333047203,0.009054624,1,0.0101562487,0.0002684151"
2026-09-02T05:00:00.000-03:00,"CSV=1788336000000,0.008514,0.00868,0.008428,0.008471,44718668,0.00970192,0.0109292082,0.0084746318,11.2294334976,10.8006858165,24.8627167121,49.8966868502,0.009167,-1.7399373623,53343571.9,0.8383140912,-2.7750744831,0.009054624,1,0.0101394801,0.0002667736"
2026-09-02T06:00:00.000-03:00,"CSV=1788339600000,0.00847,0.008652,0.008359,0.008369,43291182,0.00962436,0.0108101954,0.0084385246,10.9696017421,10.0883505815,24.7761056339,49.378785281,0.009167,-2.2883829539,54300924.6,0.7972457618,-2.4581841925,0.009054624,1,0.0101218634,0.0002693963"
2026-09-02T07:00:00.000-03:00,"CSV=1788343200000,0.008371,0.008433,0.008142,0.008207,61932207,0.00953778,0.0106644275,0.0084111325,10.564538421,9.4267673703,28.0415651182,49.398960594,0.008946,-3.6963154189,54938797.9,1.1272945417,-3.0277348604,0.009054624,1,0.01010281,0.0002715566"
2026-09-02T08:00:00.000-03:00,"CSV=1788346800000,0.008205,0.008378,0.008171,0.008333,40544886,0.00945906,0.0105281608,0.0083899592,10.1546776323,8.9780361964,26.706735909,49.4177908861,0.008884,-0.6793802145,54584007.1,0.7427979028,-2.1867039731,0.009054624,1,0.0100852,0.000265101"
2026-09-02T09:00:00.000-03:00,"CSV=1788350400000,0.008334,0.008339,0.008211,0.008257,19515602,0.00936202,0.010308602,0.008415438,9.1824477161,8.7035486406,25.8902247587,49.4353658253,0.008842,-2.4917335853,53699377.7,0.3634232432,-1.759653949,0.0090291726,1,0.0100670089,0.0002513909"
2026-09-02T10:00:00.000-03:00,"CSV=1788354000000,0.008255,0.008409,0.008202,0.00833,29200703,0.00929072,0.0101761099,0.0084053301,8.7006717962,9.9669566108,24.5877090418,48.9604713554,0.008842,0.5917159763,48082508,0.6073040741,-1.0533187916,0.0090291726,1,0.0100497252,0.0002469518"
2026-09-02T11:00:00.000-03:00,"CSV=1788357600000,0.008332,0.008399,0.0083,0.008323,29086258,0.00923454,0.0100899244,0.0083791556,8.4776099046,9.7164704376,23.9697790771,48.5172365169,0.008842,0.3859606803,43318921.6,0.6714446465,-0.6158287836,0.0090291726,1,0.0100325439,0.0002321566"
2026-09-02T12:00:00.000-03:00,"CSV=1788361200000,0.008327,0.008469,0.008179,0.008439,37585730,0.00918766,0.0100208394,0.0083544806,8.3144671044,9.0061013613,25.267796457,48.4458404991,0.008842,-0.0118483412,43100162.1,0.8720554209,-0.4139966591,0.0090291726,1,0.0100166877,0.0002379409"
2026-09-02T13:00:00.000-03:00,"CSV=1788364800000,0.008439,0.008583,0.008353,0.008513,41978763,0.0091386,0.0099371202,0.0083400798,8.03573034,11.3784652138,23.7898449429,47.5688760398,0.008792,-0.8502212905,39995477.3,1.0495877493,-0.5734583896,0.0090291726,1,0.0100017257,0.0002371468"
2026-09-02T14:00:00.000-03:00,"CSV=1788368400000,0.008514,0.008799,0.008462,0.008765,70010891,0.00910094,0.0098712919,0.0083305881,7.8039618711,15.8120171203,21.7890760781,45.4573490526,0.008799,2.9359953024,41786489,1.6754432515,1.2573922456,0.0090291726,1,0.00998942,0.0002471322"
2026-09-02T15:00:00.000-03:00,"CSV=1788372000000,0.008766,0.008799,0.008565,0.008606,41648207,0.00905922,0.0097981187,0.0083203213,7.5412303559,14.8809416144,20.5060471718,43.4865905312,0.008799,1.5936725298,41479442.9,1.0040686202,1.3716470231,0.0090291726,1,0.0099756546,0.0002458189"
2026-09-02T16:00:00.000-03:00,"CSV=1788375600000,0.008605,0.008633,0.00847,0.008514,26315557,0.00901964,0.0097332474,0.0083060326,7.3316475332,14.2544944948,22.0963206992,42.0256597082,0.008799,1.7325845382,39781880.4,0.6614960564,1.2964639618,0.0090291726,1,0.0099611108,0.0002375371"
2026-09-02T17:00:00.000-03:00,"CSV=1788379200000,0.008514,0.008607,0.00849,0.008511,15935306,0.0089827,0.0096735119,0.0082918881,7.1412731288,13.8074717229,21.4033772538,40.6621242734,0.008799,3.7041549896,35182190.3,0.4529367235,1.4235585827,0.0090291726,1,0.0099466818,0.0002254833"
2026-09-02T18:00:00.000-03:00,"CSV=1788382800000,0.008508,0.008552,0.008291,0.008421,50076469,0.00894478,0.0096129762,0.0082765838,6.9509816002,12.844707559,25.2273758111,40.1196008412,0.008799,1.0560422417,36135348.6,1.3858028479,1.4368611705,0.0090291726,1,0.0099315009,0.000229035"
2026-09-02T19:00:00.000-03:00,"CSV=1788386400000,0.008423,0.00849,0.008334,0.008473,20567658,0.008907,0.0095467969,0.0082672031,6.7016921046,12.2956661127,24.1490425881,39.6132456378,0.008799,2.6159622139,36240554.2,0.5675315528,1.4527878128,0.0090291726,1,0.0099169884,0.0002217315"
2026-09-02T20:00:00.000-03:00,"CSV=1788390000000,0.008472,0.008559,0.00846,0.008499,15740033,0.00886744,0.0094689435,0.0082659365,6.3523819513,13.9168568623,23.4669987666,38.6754403443,0.008799,2.0288115246,34894487.2,0.4510750627,1.2735739704,0.0090291726,1,0.0099028791,0.0002094584"
2026-09-02T21:00:00.000-03:00,"CSV=1788393600000,0.008496,0.008581,0.008408,0.008414,36346007,0.0088278,0.0093913755,0.0082642245,6.0009897359,13.2179021669,23.798012726,38.0025842617,0.008799,1.0933557611,35620462.1,1.0203687672,1.2209246703,0.0090291726,1,0.0098880644,0.0002058125"
2026-09-02T22:00:00.000-03:00,"CSV=1788397200000,0.008414,0.008573,0.008389,0.008515,21406733,0.00879086,0.0093115655,0.0082701545,5.5920298316,12.5023606581,23.0687198345,37.4494063018,0.008799,0.9005806375,34002562.4,0.6295623473,1.0029403336,0.0090291726,1,0.009874402,0.0002036313"
2026-09-02T23:00:00.000-03:00,"CSV=1788400800000,0.008514,0.008538,0.008404,0.008506,13138504,0.0087513,0.0092137475,0.0082888525,5.0191032448,11.9956653985,22.1337915193,36.9331068726,0.008799,-0.082227182,31118536.5,0.4222082873,0.6570545565,0.0090291726,1,0.0098607861,0.0001966681"
2026-09-03T00:00:00.000-03:00,"CSV=1788404400000,0.008503,0.008562,0.008386,0.008452,19769994,0.0087141,0.0091209781,0.0083072219,4.4609040182,12.0841904307,20.9395471655,36.2585747919,0.008799,-3.5710211067,26094446.8,0.7576322331,-0.4638038608,0.0090291726,1,0.0098467683,0.0001946013"
2026-09-03T01:00:00.000-03:00,"CSV=1788408000000,0.008456,0.008474,0.008321,0.008393,26907487,0.0086871,0.00906882,0.00830538,4.2091475468,11.5059583719,21.9704392941,35.9252884808,0.008799,-2.4750174297,24620374.8,1.0928951008,-1.2108473817,0.0089688236,1,0.009832303,0.0001904412"
2026-09-03T02:00:00.000-03:00,"CSV=1788411600000,0.008393,0.008406,0.008172,0.008339,48636925,0.00865728,0.009005303,0.008309257,3.8646449812,10.6693714142,25.0027525696,36.2089960443,0.008799,-2.0554381019,26852511.6,1.8112616698,-2.0482103374,0.0088733912,1,0.0098174442,0.0001947971"
2026-09-03T03:00:00.000-03:00,"CSV=1788415200000,0.008339,0.008374,0.008272,0.008296,20915490,0.00863214,0.0089593283,0.0083049517,3.6519285241,10.3189650617,24.1816054755,36.4737897702,0.008799,-2.5261426389,27350530,0.764719733,-2.0094039331,0.0088733912,1,0.0098023055,0.0001855174"
2026-09-03T04:00:00.000-03:00,"CSV=1788418800000,0.008292,0.00865,0.008285,0.008371,42807277,0.008609,0.0089120335,0.0083059665,3.4002729539,17.6215821531,21.4772281615,34.6996229375,0.008799,-0.593753711,26623610.8,1.6078689447,-1.6578286729,0.0088733912,1,0.0097880636,0.0002034656"
2026-09-03T05:00:00.000-03:00,"CSV=1788422400000,0.008371,0.008393,0.008249,0.008321,28006848,0.00858866,0.0088757935,0.0083015265,3.2350173787,16.8261559148,21.6362436873,33.220044622,0.008799,-1.7939336717,27367529.8,1.0233604642,-1.7171660469,0.0088733912,1,0.009773466,0.0001975191"
2026-09-03T06:00:00.000-03:00,"CSV=1788426000000,0.008316,0.008373,0.008256,0.008292,18991072,0.00856256,0.0088139353,0.0083111847,2.8520217094,16.1899649241,20.818184983,31.8391048608,0.008799,-2.4355806565,27692633.7,0.6857806378,-1.7015353833,0.0088733912,1,0.009758725,0.0001894672"
2026-09-03T07:00:00.000-03:00,"CSV=1788429600000,0.00829,0.008329,0.008216,0.008308,18602257,0.0085467,0.0087884348,0.0083049652,2.7506007403,15.5803769758,21.3671558933,30.7606413655,0.008799,-1.2598050868,25918258.7,0.717727885,-1.4357560023,0.0088179613,1,0.00974429,0.0001818204"
2026-09-03T08:00:00.000-03:00,"CSV=1788433200000,0.008307,0.008406,0.008256,0.008355,16303007,0.00853268,0.0087645989,0.0083007611,2.6460868961,17.397661606,20.2810861538,29.2201089365,0.008799,-1.8790369935,25407886.1,0.6416514517,-1.3590662731,0.0088179613,1,0.0097304662,0.0001786384"
2026-09-03T09:00:00.000-03:00,"CSV=1788436800000,0.008357,0.008381,0.008274,0.008362,22422821,0.00851876,0.0087393411,0.0082981789,2.5240015131,16.7470741578,19.522672731,27.7822786693,0.008799,-1.6929226428,26336317.8,0.8514030386,-1.3864973428,0.0088179613,1,0.0097168496,0.0001714746"
2026-09-03T10:00:00.000-03:00,"CSV=1788440400000,0.00836,0.008467,0.008311,0.008382,25542786,0.00850452,0.008709969,0.008299071,2.3587798676,18.8653422881,18.44520955,26.0051962701,0.008799,-0.8282063417,26913597,0.9490662285,-1.1863391182,0.0088179613,1,0.0097035675,0.0001699271"
2026-09-03T11:00:00.000-03:00,"CSV=1788444000000,0.008386,0.008691,0.008356,0.008686,44037363,0.00849598,0.0086841026,0.0083078574,2.1662867746,24.2737987074,16.3668881439,25.5685599787,0.008691,3.4910044084,28626584.6,1.5383380035,0.9992221718,0.0088179613,1,0.0096934425,0.0001864344"
2026-09-03T12:00:00.000-03:00,"CSV=1788447600000,0.008686,0.008687,0.008462,0.008571,50348526,0.00848434,0.0086478443,0.0083208357,1.890694596,22.453223008,15.1393440257,25.1610327735,0.008691,2.7821081664,28797744.7,1.7483496199,2.287514033,0.0088179613,1,0.0096822739,0.000190291"
2026-09-03T13:00:00.000-03:00,"CSV=1788451200000,0.00857,0.008734,0.008423,0.008699,47913576,0.00848042,0.0086361988,0.0083246412,1.803789285,21.719375885,13.625865738,25.0101934818,0.008734,4.8577627772,31497553.3,1.5211840597,3.9881931228,0.0088179613,1,0.0096724901,0.0002023619"
2026-09-03T14:00:00.000-03:00,"CSV=1788454800000,0.008706,0.008846,0.008616,0.008756,36747039,0.008478,0.0086284479,0.0083275521,1.7436260505,23.6994178493,12.6257356358,25.3751730902,0.008846,4.5992115637,30891529.5,1.1895506501,4.4824604505,0.0088179613,1,0.0096633708,0.0002051257"
2026-09-03T15:00:00.000-03:00,"CSV=1788458400000,0.008758,0.008798,0.008675,0.008727,26914134,0.00847822,0.0086290234,0.0083274166,1.747629458,22.7429303175,12.1161721186,25.7158207248,0.008846,4.8792212474,30782258.1,0.8743391701,4.4103383857,0.0088179613,1,0.0096540536,0.0001969131"
2026-09-03T16:00:00.000-03:00,"CSV=1788462000000,0.008727,0.008727,0.008558,0.008606,26816201,0.00847692,0.0086263296,0.0083275104,1.7320184072,21.4674689883,15.3192536448,25.1156418083,0.008846,3.7867824409,31564771,0.8495610819,4.0125932529,0.0088179613,1,0.0096436252,0.0001941218"
2026-09-03T17:00:00.000-03:00,"CSV=1788465600000,0.008606,0.008716,0.00858,0.008683,18487847,0.00847792,0.0086285334,0.0083273066,1.7455271289,20.4773007072,14.6126664334,24.5554748196,0.008846,4.513721714,31553330,0.5859237995,3.5566278274,0.0088179613,1,0.0096340668,0.0001883096"
2026-09-03T18:00:00.000-03:00,"CSV=1788469200000,0.008681,0.008698,0.008569,0.008585,15068866,0.00847786,0.0086284301,0.0083272899,1.7450465013,19.5604048096,14.3401792616,23.945018506,0.008846,2.7528426092,31429915.9,0.4794434082,2.8110292993,0.0088179613,1,0.0096236283,0.0001823787"
2026-09-03T19:00:00.000-03:00,"CSV=1788472800000,0.00859,0.008703,0.00855,0.008673,25265257,0.0084756,0.0086223271,0.0083288729,1.701711058,18.5073373181,14.2367116747,23.2181804886,0.008846,3.7192059316,31714159.5,0.7966554182,2.8616613851,0.0088179613,1,0.0096141693,0.0001794408"
2026-09-03T20:00:00.000-03:00,"CSV=1788476400000,0.00867,0.008685,0.008589,0.008661,21841048,0.00847326,0.0086160252,0.0083304948,1.6569732721,17.8609024241,13.7394436429,22.5397983391,0.008846,3.3285612026,31343985.7,0.6968178268,2.6809078513,0.0088179613,1,0.0096046851,0.0001710967"
2026-09-03T21:00:00.000-03:00,"CSV=1788480000000,0.008659,0.008734,0.008629,0.008659,29087367,0.00847402,0.0086176681,0.0083303719,1.6669023277,18.9936136763,13.1991759977,22.23709035,0.008846,-0.310845038,29848986.1,0.9744842556,1.6863007024,0.0088179613,1,0.0095952752,0.000164487"
2026-09-03T22:00:00.000-03:00,"CSV=1788483600000,0.008662,0.008788,0.00851,0.008694,36359732,0.0084766,0.0086229913,0.0083302087,1.6976853184,17.0875463425,16.1702869626,20.938485998,0.008846,1.4350717536,28450106.7,1.2780174213,1.7355493689,0.0088179613,1,0.0095863073,0.0001758383"
2026-09-03T23:00:00.000-03:00,"CSV=1788487200000,0.008693,0.008747,0.008598,0.008714,16642874,0.00848044,0.0086304454,0.0083304346,1.7380951783,16.1564770529,15.2891974666,19.7264552693,0.008846,0.1724336131,25323036.5,0.6572226834,1.1948086732,0.0088179613,1,0.0095776277,0.0001731545"
2026-09-04T00:00:00.000-03:00,"CSV=1788490800000,0.00871,0.009009,0.008702,0.00892,51872012,0.00849104,0.0086525637,0.0083295163,1.8667731819,23.5850226923,13.6475755745,20.190703517,0.009009,1.8730013705,26835533.8,1.9329599473,2.0033513256,0.0082958828,-1,0.0095710841,0.0001865391"
2026-09-04T01:00:00.000-03:00,"CSV=1788494400000,0.008921,0.009,0.008777,0.008844,55637330,0.00849856,0.008667422,0.008329698,1.9482376063,21.7661597738,12.5950826656,20.6240018814,0.009009,1.3406668958,29707853.4,1.8728155566,2.1725081566,0.0083179446,-1,0.0095638494,0.0001901851"
2026-09-04T02:00:00.000-03:00,"CSV=1788498000000,0.008845,0.008872,0.008689,0.008698,32149254,0.0085069,0.0086751073,0.0083386927,1.9389648722,20.3839872374,14.8488817092,20.2964058841,0.009009,1.0690216128,30241158.7,1.0630959719,1.8271629613,0.0083179446,-1,0.009555234,0.0001894666"
2026-09-04T03:00:00.000-03:00,"CSV=1788501600000,0.008698,0.008811,0.00855,0.008619,34054259,0.00851346,0.0086795013,0.0083474187,1.9130286274,18.5809639791,18.2461659526,19.0039192937,0.009009,-0.7370724404,31797799.9,1.0709627429,0.9549829333,0.0083179446,-1,0.0095459183,0.00019662"
2026-09-04T04:00:00.000-03:00,"CSV=1788505200000,0.008621,0.0087,0.008576,0.008617,18821971,0.008517,0.008683324,0.008350676,1.9154418367,17.7803963434,17.4600232124,17.797598476,0.009009,0.3727431567,32173110.4,0.5850218013,0.7093429132,0.0083179446,-1,0.0095366753,0.000189358"
2026-09-04T05:00:00.000-03:00,"CSV=1788508800000,0.008617,0.008621,0.008349,0.008427,63016906,0.00851382,0.0086803143,0.0083473257,1.9180674972,16.1454948507,23.5283203715,17.8516793495,0.009009,-2.8363887928,35948275.3,1.7529882998,-1.1844901804,0.0083179446,-1,0.0095256337,0.0001976222"
2026-09-04T06:00:00.000-03:00,"CSV=1788512400000,0.008427,0.008505,0.008356,0.008454,27713133,0.0085126,0.0086793045,0.0083458955,1.9207129843,15.3187814802,22.3235770536,17.9021548315,0.009009,-2.3900242466,36535483.8,0.7585265095,-1.3939590367,0.0083179446,-1,0.0095149707,0.00019276"
2026-09-04T07:00:00.000-03:00,"CSV=1788516000000,0.008453,0.008481,0.008354,0.008398,22831823,0.00851114,0.0086785208,0.0083437592,1.9286785071,14.6344587857,21.3966849973,17.9598595523,0.009009,-3.0142048735,35909929.4,0.6358080726,-1.5681246215,0.0083179446,-1,0.0095038566,0.000186184"
2026-09-04T08:00:00.000-03:00,"CSV=1788519600000,0.008397,0.008485,0.008351,0.008402,23385078,0.0085118,0.0086786833,0.0083449167,1.9229104983,14.0744337152,20.3680743978,17.9807280673,0.009009,-3.3586381412,34612464,0.6756259248,-1.8018107478,0.0083179446,-1,0.0094928928,0.0001809656"
2026-09-04T09:00:00.000-03:00,"CSV=1788523200000,0.008399,0.008409,0.007629,0.008105,170703238,0.00850976,0.0086809252,0.0083385948,1.9717396925,10.8280043875,37.0209151389,20.4314036272,0.009009,-6.9887537296,50018500.4,3.412801996,-9.1516180578,0.008741607,1,0.009479083,0.000240869"
2026-09-04T10:00:00.000-03:00,"CSV=1788526800000,0.008104,0.008134,0.007971,0.008029,49015344,0.00850368,0.0086860486,0.0083213114,2.0995574068,10.2962508789,35.2028514576,22.7187008166,0.009009,-9.9887892377,49732833.6,0.9855731205,-9.3826394313,0.008741607,1,0.0094646543,0.0002330821"
2026-09-04T11:00:00.000-03:00,"CSV=1788530400000,0.008029,0.00828,0.007953,0.008139,74611618,0.00850132,0.0086875874,0.0083150526,2.144063407,13.5761252933,31.8417456685,23.8852416496,0.009009,-7.9715061058,51630262.4,1.4451140578,-10.0950047992,0.008741607,1,0.0094514637,0.0002424739"
2026-09-04T12:00:00.000-03:00,"CSV=1788534000000,0.008141,0.008158,0.00801,0.00802,29224661,0.00849512,0.008691852,0.008298388,2.2634067477,12.9753651484,30.4327094871,24.9740130938,0.009009,-7.7948953782,51337803.1,0.5692620104,-8.209115804,0.008741607,1,0.0094372203,0.0002330265"
2026-09-04T13:00:00.000-03:00,"CSV=1788537600000,0.00802,0.008452,0.008019,0.008389,65208179,0.00849644,0.0086922318,0.0083006482,2.252492203,19.665811606,26.7255495391,24.3235979357,0.009009,-2.6685230305,54453195.1,1.1975087758,-6.5379371185,0.008741607,1,0.0094267902,0.0002530239"
2026-09-04T14:00:00.000-03:00,"CSV=1788541200000,0.00839,0.008416,0.008243,0.008268,30970888,0.00849302,0.0086912634,0.0082947766,2.2809507119,18.6911408312,25.4009862514,23.7165437882,0.009009,-4.0501334571,55668086.8,0.5563490643,-5.109720732,0.008741607,1,0.00941526,0.0002450215"
2026-09-04T15:00:00.000-03:00,"CSV=1788544800000,0.008271,0.00832,0.008204,0.008308,18340032,0.00848892,0.0086888208,0.0082890192,2.3006661653,18.0485086056,25.6835932008,23.2993584917,0.009009,-1.4121276848,51200399.4,0.3582009558,-3.5750889834,0.008741607,1,0.0094042424,0.0002321193"
2026-09-04T16:00:00.000-03:00,"CSV=1788548400000,0.008308,0.00847,0.008285,0.008433,27092732,0.00848228,0.0086783778,0.0082861822,2.2596139566,21.5461517333,24.2584245979,22.1408280248,0.009009,-0.2484031228,51138359.3,0.5297927499,-2.4272600468,0.008741607,1,0.0093945783,0.0002274074"
2026-09-04T17:00:00.000-03:00,"CSV=1788552000000,0.008428,0.00865,0.008398,0.008599,37820630,0.00848214,0.0086781519,0.0082861281,2.2586829638,25.2832154283,22.4410452804,21.0617994235,0.009009,2.3934270064,52637240,0.7185146866,-1.0449358794,0.008741607,1,0.0093866621,0.0002298667"
2026-09-04T18:00:00.000-03:00,"CSV=1788555600000,0.008599,0.008639,0.008519,0.00856,15565995,0.00848306,0.0086793271,0.0082867929,2.2613170625,24.3523894465,21.6148565361,20.0547060624,0.009009,1.8805046418,51855331.7,0.3001811866,-0.5084598814,0.008741607,1,0.0093784366,0.00021888"
2026-09-04T19:00:00.000-03:00,"CSV=1788559200000,0.00856,0.008766,0.008548,0.008664,25237530,0.00848612,0.0086839851,0.0082882549,2.2785054051,26.6195121062,20.1695161349,19.6367439571,0.009009,6.8969771746,37308760.9,0.6764505009,1.2161813006,0.008741607,1,0.0093713278,0.000218792"
2026-09-04T20:00:00.000-03:00,"CSV=1788562800000,0.008663,0.008694,0.008545,0.008644,22123253,0.00849058,0.0086894377,0.0082917223,2.2884995892,25.3768624361,19.3219550196,19.2306951958,0.009,7.6597334662,34619551.8,0.6390392668,2.4424110199,0.008741607,1,0.0093640907,0.0002118128"
2026-09-04T21:00:00.000-03:00,"CSV=1788566400000,0.008644,0.008877,0.008628,0.008783,40111538,0.00849678,0.0086997824,0.0082937776,2.3334192043,29.0884675613,17.8315192451,19.5481020295,0.008877,7.9125199656,31169543.8,1.2868824214,5.0224349642,0.0081059055,-1,0.0093583087,0.0002155315"
2026-09-04T22:00:00.000-03:00,"CSV=1788570000000,0.008785,0.008798,0.008581,0.008627,22165205,0.00849934,0.0087031597,0.0082955203,2.3419044732,27.1341210505,18.0886725869,19.5783597243,0.008877,7.5685785536,30463598.2,0.7275964203,5.1839135303,0.0081059055,-1,0.009351032,0.0002156784"
2026-09-04T23:00:00.000-03:00,"CSV=1788573600000,0.008625,0.008862,0.008593,0.008811,32548709,0.00850728,0.0087153098,0.0082992502,2.3869468091,26.8603042031,16.6067637045,19.8457501367,0.008877,5.0303969484,27197651.2,1.1967470559,5.4626465995,0.0081059055,-1,0.0093456586,0.0002210105"
2026-09-05T00:00:00.000-03:00,"CSV=1788577200000,0.008809,0.008809,0.008557,0.008625,33874849,0.00850948,0.0087181604,0.0083007996,2.3936293644,24.8044641952,16.4205052276,19.8785061007,0.008877,4.3178519594,27488047.3,1.2323483233,5.415463607,0.0081059055,-1,0.0093384878,0.0002243095"
2026-09-05T01:00:00.000-03:00,"CSV=1788580800000,0.008626,0.008739,0.008599,0.008622,21067348,0.0085118,0.0087210728,0.0083025272,2.3996226175,23.7317933261,15.7103992775,19.9090783337,0.008877,3.7794896485,27760778.9,0.7588889374,4.5663800324,0.0081059055,-1,0.0093313586,0.0002158785"
2026-09-05T02:00:00.000-03:00,"CSV=1788584400000,0.008621,0.00893,0.008621,0.008867,32400071,0.0085201,0.0087349908,0.0083052092,2.4601146295,27.2648180272,14.2528232928,20.6711985394,0.00893,5.1464484762,28291512.8,1.1452222873,5.0088625201,0.0081059055,-1,0.0093267381,0.0002251907"
2026-09-05T03:00:00.000-03:00,"CSV=1788588000000,0.008867,0.009072,0.00876,0.008918,46952990,0.0085306,0.0087517588,0.0083094412,2.5270208241,28.9293033293,12.9527568936,21.8362196448,0.009072,3.70973369,29204748.8,1.6077176462,5.3273097855,0.0082143852,-1,0.0093226711,0.0002338716"
2026-09-05T04:00:00.000-03:00,"CSV=1788591600000,0.008919,0.009511,0.008906,0.009401,94818238,0.00855184,0.0088025944,0.0083010856,2.8486421029,35.88071465,10.8891673866,23.942813668,0.009511,9.8247663551,37129973.1,2.5536845326,11.914657816,0.0083955467,-1,0.0093234505,0.0002709844"
2026-09-05T05:00:00.000-03:00,"CSV=1788595200000,0.009406,0.009463,0.008973,0.009284,91037183,0.0085716,0.0088397406,0.0083034594,3.0333540974,31.5227022199,9.5665870732,25.9089680896,0.009511,7.1560480148,43709938.4,2.0827570647,12.9112083967,0.0083955467,-1,0.0093230579,0.000292886"
2026-09-05T06:00:00.000-03:00,"CSV=1788598800000,0.009283,0.009411,0.009214,0.009348,40976587,0.00859114,0.0088788355,0.0083034445,3.2402394784,29.9554578733,9.0909559106,27.7440455498,0.009511,8.144377603,45595271.8,0.8987025492,11.0472632357,0.0084626078,-1,0.0093233061,0.0002832974"
2026-09-05T07:00:00.000-03:00,"CSV=1788602400000,0.009348,0.009536,0.009336,0.009419,61743017,0.0086131,0.0089205638,0.0083056362,3.446686117,31.625181814,8.624537097,29.7040997131,0.009536,7.241261528,47758419.7,1.2928195151,10.4853902297,0.008611097,-1,0.0093242583,0.0002749677"
2026-09-05T08:00:00.000-03:00,"CSV=1788606000000,0.009422,0.009557,0.009266,0.00943,55395184,0.00863586,0.0089603602,0.0083113598,3.6215087714,29.283061481,9.767296082,31.0555526821,0.009557,9.3079865538,51081417.6,1.0844488388,10.3549385564,0.008611097,-1,0.0093253104,0.0002765709"
2026-09-05T09:00:00.000-03:00,"CSV=1788609600000,0.009429,0.009594,0.009354,0.009516,65131159,0.00866002,0.0090036183,0.0083164217,3.8162244503,28.4313522943,9.1673639502,32.4008998944,0.009594,8.0013619339,54339662.6,1.1985933641,10.1000854768,0.0086552586,-1,0.0093272079,0.0002729138"
2026-09-05T10:00:00.000-03:00,"CSV=1788613200000,0.009519,0.009752,0.00937,0.009533,98772110,0.00868358,0.0090453615,0.0083217985,3.9996354656,29.6573098888,8.2981541526,33.9924570973,0.009752,10.5275362319,60829388.7,1.623756413,12.4314418077,0.0087095327,-1,0.0093292555,0.0002838224"
2026-09-05T11:00:00.000-03:00,"CSV=1788616800000,0.009533,0.00962,0.009278,0.009564,110243322,0.00870762,0.0090867538,0.0083284862,4.1723788817,27.1848302098,9.8490072784,34.8470110105,0.009752,10.925539318,69746986.1,1.5806177179,14.0439948797,0.0087095327,-1,0.0093315913,0.0002896402"
2026-09-05T12:00:00.000-03:00,"CSV=1788620400000,0.009563,0.009637,0.00941,0.009453,49554876,0.00872904,0.0091192641,0.0083388159,4.2791187176,26.0824671783,9.2977650043,35.6866039121,0.009752,6.6087741062,71462466.6,0.6934392046,10.8902576064,0.0087095327,-1,0.0093327994,0.0002833762"
2026-09-05T13:00:00.000-03:00,"CSV=1788624000000,0.009454,0.009648,0.009427,0.0095,54017119,0.00874532,0.0091501167,0.0083405233,4.4239513464,24.9182755995,8.7848849885,36.498768531,0.009752,6.5261269343,72168879.5,0.7484821626,8.8884016047,0.0087095327,-1,0.009334463,0.0002771385"
2026-09-05T14:00:00.000-03:00,"CSV=1788627600000,0.009497,0.009572,0.009218,0.009314,62628912,0.00876018,0.0091718835,0.0083484765,4.4887560096,22.7632805605,13.1310344277,35.8545185411,0.009752,-0.9254334645,68949946.9,0.9083242963,5.6454031696,0.0087095327,-1,0.0093342594,0.0002848247"
2026-09-05T15:00:00.000-03:00,"CSV=1788631200000,0.009314,0.009349,0.009221,0.00932,33013978,0.0087726,0.0091915733,0.0083536267,4.5582323785,22.0253408873,12.705352759,35.2532185504,0.009752,0.3877638949,63147626.4,0.5228063172,3.831177251,0.0087095327,-1,0.0093341175,0.0002691422"
2026-09-05T16:00:00.000-03:00,"CSV=1788634800000,0.00932,0.00937,0.00909,0.009171,41563029,0.0087809,0.0092035567,0.0083582433,4.5923187424,20.4700347911,15.1119168306,33.906905812,0.009752,-1.8934531451,63206270.6,0.6575776202,2.139087363,0.0087095327,-1,0.0093324945,0.000270228"
2026-09-05T17:00:00.000-03:00,"CSV=1788638400000,0.009171,0.009273,0.00917,0.009212,19085134,0.0087906,0.0092174529,0.0083637471,4.6309203486,19.9157507997,14.7027190121,32.6503472561,0.009752,-2.1976855292,58940482.3,0.3238034922,1.188852159,0.0087095327,-1,0.0093312955,0.0002535052"
2026-09-05T18:00:00.000-03:00,"CSV=1788642000000,0.009211,0.009345,0.009196,0.009299,15370870,0.00880446,0.0092363155,0.0083726045,4.6756251998,21.0599126906,14.1105182175,31.7909371905,0.009752,-1.3891834571,54938050.9,0.2797854993,0.6630103103,0.0087095327,-1,0.0093309742,0.0002430547"
2026-09-05T19:00:00.000-03:00,"CSV=1788645600000,0.009297,0.00943,0.009272,0.009412,18139127,0.00881904,0.0092587827,0.0083792973,4.7494655629,22.4924922397,13.4930487878,31.3387746045,0.009752,-1.0928961749,50238847.7,0.3610577836,0.3104739833,0.0087095327,-1,0.0093317804,0.0002345492"
2026-09-05T20:00:00.000-03:00,"CSV=1788649200000,0.009411,0.009463,0.009363,0.009412,21853108,0.00883558,0.0092817152,0.0083894448,4.8066028361,22.7953080409,13.1041926983,31.0491980094,0.009752,-1.2692751495,42546947.5,0.5136234039,-0.010327152,0.0087497171,-1,0.0093325786,0.0002210943"
2026-09-05T21:00:00.000-03:00,"CSV=1788652800000,0.009412,0.009616,0.009397,0.009446,49602535,0.00885104,0.009304605,0.008397475,4.874629161,25.7765126507,12.274190914,31.3449233241,0.009752,-1.2337933919,36482868.8,1.3596116926,-0.566044742,0.0088438454,-1,0.0093337072,0.0002208849"
2026-09-05T22:00:00.000-03:00,"CSV=1788656400000,0.009444,0.009537,0.009415,0.00944,15924175,0.00886662,0.0093267218,0.0084065182,4.9331563446,24.8375330602,11.8270701217,31.6209336178,0.009752,-0.1375224796,33119798.7,0.4808053076,-0.399403674,0.0088438454,-1,0.0093347648,0.0002109964"
2026-09-05T23:00:00.000-03:00,"CSV=1788660000000,0.009443,0.009473,0.009281,0.009293,19891952,0.0088793,0.0093422327,0.0084163673,4.9552688457,23.4002038418,15.181437403,30.9330228915,0.009752,-2.1789473684,29707282,0.669598518,-0.7526090922,0.0088438454,-1,0.0093343493,0.0002090967"
2026-09-06T00:00:00.000-03:00,"CSV=1788663600000,0.009293,0.009494,0.009279,0.009395,23379445,0.00889332,0.009361019,0.008425621,4.9962405093,22.5151296658,14.1958192122,30.3815987053,0.009752,0.8696585785,25782335.3,0.9068009057,-0.2388703326,0.0088438454,-1,0.0093349527,0.0002096871"
2026-09-06T01:00:00.000-03:00,"CSV=1788667200000,0.009391,0.009461,0.009281,0.009353,24512000,0.0089061,0.0093774407,0.0084347593,5.0263255142,21.2760908232,13.4146035733,29.8669361315,0.009752,0.3540772532,24932137.5,0.9831487573,-0.0432100179,0.0088438454,-1,0.0093351323,0.0002067184"
2026-09-06T02:00:00.000-03:00,"CSV=1788670800000,0.009352,0.00936,0.009227,0.009307,17963507,0.00891384,0.0093885111,0.0084391689,5.0558723974,20.3878626832,14.549594488,28.9898488645,0.009752,1.4829353397,22572185.3,0.7958248952,0.3645789418,0.0088438454,-1,0.0093348524,0.0001993465"
2026-09-06T03:00:00.000-03:00,"CSV=1788674400000,0.009306,0.009309,0.009011,0.009098,41452536,0.00891892,0.0093941753,0.0084436647,5.0590426323,18.5306906118,19.8268869491,27.2824752414,0.009752,-1.2375162831,24808925.5,1.6708718804,-0.4461910918,0.0088438454,-1,0.0093324957,0.0002092119"
2026-09-06T04:00:00.000-03:00,"CSV=1788678000000,0.009095,0.0091,0.008821,0.009077,50865387,0.0089265,0.0094011934,0.0084518066,5.049289019,16.9792010517,23.8686028566,26.5880453862,0.009752,-2.3873534789,28358377.2,1.7936635316,-1.7248303519,0.0088438454,-1,0.0093299534,0.0002161907"
2026-09-06T05:00:00.000-03:00,"CSV=1788681600000,0.009077,0.009352,0.009053,0.009318,31524561,0.00894048,0.0094162034,0.0084647566,5.0521782095,22.8818799488,21.7752140675,24.9807184458,0.009752,-0.9987250319,29696920.6,1.0615430948,-1.503283455,0.0088438454,-1,0.0093298345,0.0002244716"
2026-09-06T06:00:00.000-03:00,"CSV=1788685200000,0.009324,0.009389,0.009278,0.009325,27749896,0.00895464,0.0094310606,0.0084782194,5.0516117183,23.2341879713,21.0411934174,23.6455424731,0.009648,-0.9243518912,30286599.4,0.9162433733,-1.2844994016,0.0088438454,-1,0.0093297864,0.0002131245"
2026-09-06T07:00:00.000-03:00,"CSV=1788688800000,0.009329,0.009454,0.009305,0.00942,27627315,0.0089745,0.0094492054,0.0084997946,5.0237603389,24.1770071525,20.0682622296,22.68825911,0.009648,-0.2752487826,28089077.4,0.9835607844,-0.9465742373,0.0088438454,-1,0.009330684,0.000206712"
2026-09-06T08:00:00.000-03:00,"CSV=1788692400000,0.009421,0.0096,0.009302,0.009596,27328266,0.00899734,0.009473922,0.008520758,5.0304617412,26.4142373129,18.259074111,22.3927159944,0.009648,1.6525423729,29229486.5,0.9349553917,-0.116031691,0.0088438454,-1,0.009333324,0.0002158408"
2026-09-06T09:00:00.000-03:00,"CSV=1788696000000,0.009595,0.009741,0.009468,0.009694,66232064,0.00902326,0.0095017797,0.0085447403,5.0361061206,28.4656264581,16.7747158357,22.6226537267,0.009741,4.3150758636,33863497.7,1.955854194,2.7358652811,0.0089398298,-1,0.0093369128,0.0002215567"
2026-09-06T10:00:00.000-03:00,"CSV=1788699600000,0.009694,0.0097,0.009513,0.00961,28341189,0.00904742,0.0095244561,0.0085703839,5.0085386299,26.8629151198,15.8302424265,22.8372622769,0.009741,2.2884513039,34359672.1,0.8248387504,2.453111292,0.0089521968,-1,0.0093396301,0.0002181011"
2026-09-06T11:00:00.000-03:00,"CSV=1788703200000,0.00961,0.009892,0.00961,0.009867,53616963,0.00908266,0.009553821,0.008611499,4.9316496119,30.3002588455,14.5102256391,23.6639356772,0.009892,5.495562921,37270168.4,1.4386026493,4.2707179872,0.0090775272,-1,0.0093448775,0.0002244909"
2026-09-06T12:00:00.000-03:00,"CSV=1788706800000,0.009867,0.009985,0.009716,0.009956,44538380,0.0091212,0.0095833231,0.0086590769,4.8221596708,30.6357599803,13.3707282223,24.7018681846,0.009985,6.9732459439,39927655.7,1.11547696,5.4399770537,0.0091636744,-1,0.0093509584,0.0002289419"
2026-09-06T13:00:00.000-03:00,"CSV=1788710400000,0.009952,0.009995,0.009517,0.009597,78345384,0.00915036,0.0095952655,0.0087054545,4.6367186407,26.6510849156,17.0465366486,24.5203814783,0.009995,5.4847219169,43616940.5,1.7962145694,6.9105638413,0.0091636744,-1,0.0093534065,0.0002538477"
2026-09-06T14:00:00.000-03:00,"CSV=1788714000000,0.009598,0.009698,0.00955,0.009687,26910303,0.0091837,0.0096044549,0.0087629451,4.3808306569,25.5487076877,16.3414353787,24.3509938858,0.009995,6.7202820315,41221432.1,0.6528230978,6.0694276722,0.0091636744,-1,0.0093567259,0.0002432629"
2026-09-06T15:00:00.000-03:00,"CSV=1788717600000,0.009696,0.009701,0.009517,0.009554,15205784,0.009207,0.0096151707,0.0087988293,4.2450692288,24.2145386132,16.4246409414,24.0054904447,0.009995,2.532732346,39589554.4,0.3840857577,4.3705472555,0.0091636744,-1,0.0093586888,0.0002373366"
2026-09-06T16:00:00.000-03:00,"CSV=1788721200000,0.009552,0.009626,0.009539,0.009606,9931623,0.00923376,0.0096229088,0.0088446112,4.0439829631,23.5904548273,16.0013269868,23.6830205664,0.009995,3.0134048257,37807727.1,0.2626876504,3.1775595815,0.0091636744,-1,0.0093611496,0.000222303"
2026-09-06T17:00:00.000-03:00,"CSV=1788724800000,0.009602,0.009628,0.009472,0.009519,17822756,0.00925798,0.0096258615,0.0088900985,3.8218031279,22.4774859866,17.2726719736,22.9770738418,0.009995,1.050955414,36827271.2,0.4839553792,2.287911563,0.0091636744,-1,0.0093627203,0.0002156727"
2026-09-06T18:00:00.000-03:00,"CSV=1788728400000,0.009521,0.009645,0.009496,0.009599,15142395,0.0092813,0.0096327356,0.0089298644,3.6483472029,21.9677247962,16.4771473784,22.3973815775,0.009995,0.0312630263,35608684.1,0.425244442,1.5297058514,0.0091636744,-1,0.0093650713,0.0002090054"
2026-09-06T19:00:00.000-03:00,"CSV=1788732000000,0.0096,0.009666,0.009458,0.009596,17156831,0.00930124,0.0096415038,0.0089609762,3.5291570646,20.5519706358,16.5926417931,21.6148379903,0.009995,-1.0109345987,30701160.8,0.5588332999,0.8314892617,0.0091636744,-1,0.0093673691,0.0002089049"
2026-09-06T20:00:00.000-03:00,"CSV=1788735600000,0.0096,0.009763,0.009554,0.009738,16317069,0.0093248,0.0096535109,0.0089960891,3.4050914763,22.2297554893,15.5160985692,21.3596137953,0.009995,1.3319458897,29498748.8,0.5531444439,0.7999123306,0.0091636744,-1,0.009371057,0.0002089144"
2026-09-06T21:00:00.000-03:00,"CSV=1788739200000,0.009739,0.009752,0.009594,0.009649,17042562,0.0093445,0.0096623549,0.0090266451,3.2896213392,21.1198626541,14.7414068889,21.1214045466,0.009995,-2.2093848181,25841308.7,0.6595084714,0.047572219,0.0091636744,-1,0.0093738226,0.0002038229"
2026-09-06T22:00:00.000-03:00,"CSV=1788742800000,0.009652,0.009701,0.009458,0.009534,34031559,0.0093623,0.0096649865,0.0090596135,3.1317835399,19.5143529744,17.8753389324,20.0055508223,0.009995,-4.2386500603,24790626.6,1.3727591299,-1.9078337102,0.0091636744,-1,0.0093754164,0.0002077406"
2026-09-06T23:00:00.000-03:00,"CSV=1788746400000,0.009537,0.009857,0.009477,0.009814,32975980,0.00938292,0.009680515,0.009085325,3.0741651203,21.9477189985,15.8558069528,19.7461585189,0.009995,2.2611232677,20253686.2,1.6281470777,-0.0447420599,0.0091636744,-1,0.0093797804,0.0002249666"
2026-09-07T00:00:00.000-03:00,"CSV=1788750000000,0.009815,0.009944,0.009646,0.0099,28537762,0.00940838,0.0096944459,0.0091223141,2.9508228822,22.5760086856,14.4811469373,19.8860320095,0.009995,2.1988231651,20416432.1,1.3977839938,0.9946652352,0.0091636744,-1,0.0093849567,0.0002322699"
2026-09-07T01:00:00.000-03:00,"CSV=1788753600000,0.009894,0.009905,0.009749,0.009787,20434611,0.0094279,0.0097057174,0.0091500826,2.8624094184,21.5291101588,13.8096247207,20.0165806007,0.009995,2.4387691019,20939314.8,0.9758968331,1.4564391712,0.0091636744,-1,0.0093889571,0.0002246429"
2026-09-07T02:00:00.000-03:00,"CSV=1788757200000,0.009785,0.009817,0.009264,0.009305,72842672,0.0094415,0.0096952847,0.0091877153,2.6176090945,18.3051196574,24.8752443999,19.6965111003,0.009995,-3.1334582553,27230419.7,2.6750477151,-1.8230906679,0.0091636744,-1,0.0093881217,0.0002574786"
2026-09-07T03:00:00.000-03:00,"CSV=1788760800000,0.009305,0.0095,0.009292,0.009456,41286568,0.00945818,0.0096833489,0.0092330111,2.3253203976,17.263299161,23.4594907772,19.3977795666,0.009995,-0.6618342263,29576800.9,1.3959105361,-1.5233475685,0.0091636744,-1,0.0093887971,0.0002525308"
2026-09-07T04:00:00.000-03:00,"CSV=1788764400000,0.00946,0.009493,0.009157,0.009189,43205975,0.00946462,0.0096770319,0.0092522081,2.1950113322,15.7152628598,24.9587258614,19.6196432803,0.009995,-4.2712782582,32383158.9,1.3342112526,-2.915160884,0.0091636744,-1,0.0093868091,0.0002608777"
2026-09-07T05:00:00.000-03:00,"CSV=1788768000000,0.009187,0.009658,0.009187,0.00959,54799852,0.00947806,0.0096762436,0.0092798764,2.0481459645,18.0080262491,21.9962739037,18.9763035531,0.009995,-0.0625260525,36147461,1.5160083304,-1.9750372615,0.0091636744,-1,0.0093888309,0.0002818899"
2026-09-07T06:00:00.000-03:00,"CSV=1788771600000,0.00959,0.00976,0.009566,0.009708,28154802,0.0094842,0.0096846438,0.0092837562,2.0697075863,19.728668156,20.9014377928,17.9036469685,0.009995,-0.3080714726,37331234.3,0.7541888857,-1.3941395346,0.0091636744,-1,0.0093920067,0.0002731009"
2026-09-07T07:00:00.000-03:00,"CSV=1788775200000,0.009708,0.009759,0.009556,0.009563,19172598,0.00948978,0.0096884485,0.0092911115,2.0505708093,18.6859368731,20.0570840024,16.9460092783,0.009995,-0.8912840709,37544237.9,0.5106668579,-1.0811427684,0.0091636744,-1,0.0093937082,0.0002660908"
2026-09-07T08:00:00.000-03:00,"CSV=1788778800000,0.009568,0.009621,0.009484,0.009536,18396238,0.00949354,0.0096912664,0.0092958136,2.0402534583,17.9980945163,21.2533455309,16.3691639186,0.009995,0.020977554,35980705.8,0.511280632,-0.7171867065,0.0091636744,-1,0.009395124,0.0002531818"
2026-09-07T09:00:00.000-03:00,"CSV=1788782400000,0.009536,0.009615,0.009461,0.009573,20588607,0.00949662,0.0096943607,0.0092988793,2.0397500544,17.234039722,20.9851219933,15.9321972514,0.009944,-2.4556755655,34741968.5,0.5926148658,-0.9632144196,0.0091636744,-1,0.0093968939,0.0002432636"
2026-09-07T10:00:00.000-03:00,"CSV=1788786000000,0.009566,0.009691,0.009434,0.009452,18160156,0.00949706,0.0096946764,0.0092994436,2.0384015789,18.1044865958,19.5046133462,15.118240125,0.009944,-4.5252525253,33704207.9,0.538809755,-1.4548930145,0.0091636744,-1,0.0093974422,0.0002446372"
2026-09-07T11:00:00.000-03:00,"CSV=1788789600000,0.009456,0.009478,0.009347,0.009389,14529926,0.00949452,0.0096926921,0.0092963479,2.0445513923,17.4327980464,21.2449166628,14.7674315378,0.009944,-4.0666189844,33113739.4,0.4387884384,-1.5647238075,0.0091636744,-1,0.0093973582,0.0002332735"
2026-09-07T12:00:00.000-03:00,"CSV=1788793200000,0.00939,0.009459,0.00924,0.009299,31791458,0.00948984,0.009689803,0.009289877,2.0636439349,16.3465151186,22.9655874944,14.9054186516,0.009944,-0.0644814616,29008618,1.0959314918,-1.0667049598,0.0091636744,-1,0.0093963795,0.0002318461"
2026-09-07T13:00:00.000-03:00,"CSV=1788796800000,0.009298,0.009581,0.009287,0.009362,25750961,0.0094858,0.0096862639,0.0092853361,2.0695684625,18.415244045,21.0765450535,14.3609821897,0.009944,-0.9940778342,27455057.3,0.9379314244,-1.0219289195,0.0091636744,-1,0.0093960374,0.0002380615"
2026-09-07T14:00:00.000-03:00,"CSV=1788800400000,0.009362,0.009376,0.009277,0.009348,12667594,0.0094837,0.0096850445,0.0092823555,2.0789218433,17.8844917916,20.7602152838,13.8996795154,0.009944,1.7303297421,24401219.2,0.5191377487,-0.3818594508,0.0091636744,-1,0.0093955595,0.0002241554"
2026-09-07T15:00:00.000-03:00,"CSV=1788804000000,0.009346,0.009383,0.009294,0.009347,10410312,0.00948064,0.0096828742,0.0092784058,2.0885761066,17.6138600507,20.1994615221,13.4288879301,0.009944,-2.5338894682,19962265.2,0.521499534,-0.6950470262,0.0091636744,-1,0.0093950763,0.0002106398"
2026-09-07T16:00:00.000-03:00,"CSV=1788807600000,0.009352,0.009488,0.009331,0.009438,14136655,0.00948312,0.0096840516,0.0092821884,2.074871167,20.0067820339,19.218326498,12.6676339787,0.009944,-2.7812113721,18560450.5,0.7616547346,-1.1694722873,0.0091636744,-1,0.0093955034,0.0002052759"
2026-09-07T17:00:00.000-03:00,"CSV=1788811200000,0.009439,0.009607,0.009431,0.009477,15343055,0.00948626,0.0096858401,0.0092866799,2.0605351462,22.6310583883,18.1589370359,12.5540430584,0.009944,-0.899299383,18177496.2,0.8440686677,-1.0326716689,0.0091636744,-1,0.0093963143,0.0002023483"
2026-09-07T18:00:00.000-03:00,"CSV=1788814800000,0.009475,0.00952,0.009439,0.009518,5240811,0.0094932,0.0096876645,0.0092987355,2.0073413521,22.0321874026,17.6784088902,12.4480248661,0.009944,-0.1887583893,16861953.5,0.3108068706,-0.7080035807,0.0091636744,-1,0.0093975251,0.0001902134"
2026-09-07T19:00:00.000-03:00,"CSV=1788818400000,0.009517,0.00967,0.009485,0.009651,19044443,0.00950198,0.0096934373,0.0093105227,1.9751229505,25.6233916952,16.603252796,13.0422398439,0.009944,0.8147916014,16707537.1,1.1398713578,-0.1624165175,0.0091636744,-1,0.0094000472,0.0001896921"
2026-09-07T20:00:00.000-03:00,"CSV=1788822000000,0.009649,0.009737,0.009516,0.009673,24249944,0.00950946,0.0097001453,0.0093187747,1.9657985149,25.9623451974,15.4041668086,13.874323322,0.009905,2.3381294964,17316515.9,1.4003939441,0.9831564508,0.0091636744,-1,0.0094027632,0.0001928229"
2026-09-07T21:00:00.000-03:00,"CSV=1788825600000,0.009673,0.00969,0.009311,0.009541,38303948,0.00951204,0.0097022613,0.0093218187,1.9605876803,22.9207826612,19.9362881268,13.4136239199,0.009817,1.6189157525,19693918.1,1.9449633032,1.705014877,0.0091636744,-1,0.0094041387,0.0002114406"
2026-09-07T22:00:00.000-03:00,"CSV=1788829200000,0.00954,0.009566,0.009442,0.009458,9907806,0.00951296,0.0097028061,0.0093231139,1.9566107083,22.0166147861,19.149851139,12.9836378113,0.00976,1.7098612754,17505552.9,0.5659807523,1.4592594417,0.0091636744,-1,0.0094046746,0.0002026965"
2026-09-07T23:00:00.000-03:00,"CSV=1788832800000,0.009461,0.009497,0.009232,0.009256,22240838,0.00950916,0.0097021834,0.0093161366,1.9894836549,20.1927119767,24.1282834777,12.7100419674,0.00976,-1.1322367016,17154540.6,1.2964986075,0.4835251922,0.0091636744,-1,0.0094031953,0.0002089269"
2026-09-08T00:00:00.000-03:00,"CSV=1788836400000,0.009257,0.00935,0.009174,0.009265,23093072,0.00950566,0.0097014721,0.0093098479,2.0183752809,19.0686234662,24.6196241005,12.7097682147,0.00976,-0.8878904579,18197088.4,1.2690531305,-0.0532432603,0.0091636744,-1,0.0094018202,0.0002056342"
2026-09-08T01:00:00.000-03:00,"CSV=1788840000000,0.009264,0.009376,0.009236,0.009312,15929037,0.00950604,0.0097014571,0.0093106229,2.0143065781,19.046102856,23.5044699349,12.5609708293,0.00976,-0.3744516957,18748960.9,0.8495957235,-0.1415396933,0.0091636744,-1,0.0094009265,0.0001990708"
2026-09-08T02:00:00.000-03:00,"CSV=1788843600000,0.009312,0.009399,0.009288,0.009319,15437301,0.00950452,0.0097010871,0.0093079529,2.0262374731,19.1081511878,22.6335768311,12.2866265511,0.009759,-1.2608603518,18879025.5,0.8176958604,-0.4380265589,0.0091636744,-1,0.0094001113,0.0001902637"
2026-09-08T03:00:00.000-03:00,"CSV=1788847200000,0.009317,0.009338,0.009002,0.009161,44725883,0.00950068,0.0097019878,0.0092993722,2.0749126175,17.0582691305,29.3368860184,13.2318714322,0.009737,-3.3343885196,21817308.3,2.0500183792,-2.5705369555,0.009784512,1,0.009397732,0.0002048373"
2026-09-08T04:00:00.000-03:00,"CSV=1788850800000,0.009162,0.009248,0.009137,0.009211,14153958,0.00949876,0.0097023507,0.0092951693,2.0983649076,16.4342373817,28.2636734817,14.1140999879,0.009737,-3.2254675352,22708623,0.6232856127,-2.3838204733,0.0097788608,1,0.009395874,0.0001954536"
2026-09-08T05:00:00.000-03:00,"CSV=1788854400000,0.009212,0.009267,0.009184,0.009216,13347278,0.00950112,0.0097006958,0.0093015442,2.0573350406,16.6181017223,27.4589008304,14.8128357804,0.009737,-4.5073049425,22138906.5,0.6028878617,-2.4950134618,0.0097781247,1,0.0093940842,0.0001842082"
2026-09-08T06:00:00.000-03:00,"CSV=1788858000000,0.009216,0.009262,0.009169,0.0092,13256181,0.00950358,0.0096986194,0.0093085406,2.0110015872,16.0688181415,27.0844109589,15.5270930064,0.009737,-4.8898997209,21039530.2,0.630060694,-2.6903201785,0.0097407622,1,0.009392153,0.0001750874"
2026-09-08T07:00:00.000-03:00,"CSV=1788861600000,0.0092,0.009279,0.009151,0.009189,14846905,0.009501,0.0096993031,0.0093026969,2.0445087576,15.3219900838,26.4791935507,16.271361374,0.009737,-3.68934074,18693825.9,0.7942143614,-2.770255919,0.009726136,1,0.0093901316,0.0001703787"
2026-09-08T08:00:00.000-03:00,"CSV=1788865200000,0.009183,0.009195,0.009079,0.009113,15904596,0.00949676,0.0097009597,0.0092925603,2.1049429146,14.6603930536,28.0159448023,17.2729360041,0.009737,-3.647705646,19293504.9,0.8243497531,-2.8491656955,0.0096318224,1,0.0093873741,0.0001649408"
2026-09-08T09:00:00.000-03:00,"CSV=1788868800000,0.009111,0.009262,0.009098,0.009174,23266481,0.00949184,0.0097007393,0.0092829407,2.1534373105,16.268449737,26.295990209,17.6919731163,0.009737,-0.885911841,19396069.2,1.1995461946,-2.2536745229,0.0096318224,1,0.009385251,0.0001648467"
2026-09-08T10:00:00.000-03:00,"CSV=1788872400000,0.009174,0.00932,0.00894,0.009257,59014239,0.00948506,0.0096959604,0.0092741596,2.1751367159,14.1168886988,28.3172163064,18.7434696514,0.009737,-0.0863464652,22988185.9,2.5671551142,-1.5763379385,0.0096318224,1,0.0093839748,0.0001863621"
2026-09-08T11:00:00.000-03:00,"CSV=1788876000000,0.00926,0.009448,0.00918,0.009416,32691975,0.0094795,0.0096884745,0.0092705255,2.1569388734,17.1736820151,25.7444219898,18.8252375033,0.009737,1.116838488,24664479.7,1.3254678549,-0.557447454,0.0096318224,1,0.0093842935,0.0001945258"
2026-09-08T12:00:00.000-03:00,"CSV=1788879600000,0.009416,0.009523,0.009276,0.0093,33101783,0.0094733,0.0096829084,0.0092636916,2.1647258399,18.2596906314,23.6248465061,18.4241813474,0.009737,-0.203884537,26430927.9,1.2523882296,-0.4567458341,0.0096318224,1,0.0093834547,0.0001997733"
2026-09-08T13:00:00.000-03:00,"CSV=1788883200000,0.0093,0.00944,0.009292,0.009391,23005651,0.00946378,0.0096659693,0.0092615907,2.0917648161,17.3430097056,22.4388216931,18.0498622685,0.009737,2.5106429429,24258904.7,0.9483384054,0.4891491523,0.0096318224,1,0.0093835298,0.0001945959"
2026-09-08T14:00:00.000-03:00,"CSV=1788886800000,0.00939,0.009495,0.009375,0.009468,20624558,0.00945402,0.0096435985,0.0092644415,1.965848442,18.5336094581,21.5011118973,17.340692914,0.009737,2.7901422213,24905964.7,0.8280971345,1.0962690276,0.0096318224,1,0.0093843703,0.0001871363"
2026-09-08T15:00:00.000-03:00,"CSV=1788890400000,0.009469,0.009575,0.00927,0.00931,33814985,0.00944828,0.0096377874,0.0092587726,1.9662953577,16.6399485995,22.8217283356,17.2289983061,0.009737,1.0199652778,26952735.4,1.2546030857,1.1573965467,0.0096318224,1,0.0093836303,0.0001989227"
2026-09-08T16:00:00.000-03:00,"CSV=1788894000000,0.009311,0.009342,0.009247,0.009318,16629414,0.0094409,0.0096281386,0.0092536614,1.9447018688,16.0912681856,22.8675221219,17.2399576837,0.00969,1.2826086957,27290058.7,0.6093579418,1.0321202961,0.0096318224,1,0.0093829773,0.0001885304"
2026-09-08T17:00:00.000-03:00,"CSV=1788897600000,0.009317,0.00935,0.009231,0.009322,11738756,0.00943626,0.009623513,0.009249007,1.9457859554,15.4093408221,22.4682237122,17.3330306852,0.009575,1.4473827402,26979243.8,0.4351032255,0.898000497,0.0096318224,1,0.0093823705,0.0001815774"
2026-09-08T18:00:00.000-03:00,"CSV=1788901200000,0.009322,0.009331,0.00915,0.009214,13589756,0.00942842,0.009616606,0.009240234,1.956885639,14.4138812625,23.9077390302,17.829105667,0.009575,1.1083068144,26747759.8,0.5080708105,0.7863664452,0.0096318224,1,0.0093806952,0.0001815197"
2026-09-08T19:00:00.000-03:00,"CSV=1788904800000,0.009212,0.009331,0.009209,0.009259,10616891,0.00942322,0.0096124207,0.0092340193,1.9682936432,13.7713976448,22.8420766742,18.2921089833,0.009575,0.9265315021,25482800.8,0.4166296744,0.6529178028,0.0096318224,1,0.0093794843,0.0001755677"
2026-09-08T20:00:00.000-03:00,"CSV=1788908400000,0.009258,0.009282,0.00916,0.009231,11831360,0.00941586,0.0096052372,0.0092264828,1.971603481,13.1436841631,23.6316235248,18.9738997893,0.009575,-0.2808685319,20764512.9,0.5697875051,0.3819334085,0.0096318224,1,0.0093780069,0.0001702109"
2026-09-08T21:00:00.000-03:00,"CSV=1788912000000,0.009234,0.00943,0.009218,0.009329,30383664,0.00941052,0.0095985016,0.0092225384,1.9584475558,17.5765292729,21.7830317522,18.4214645652,0.009575,-0.9239592184,20533681.8,1.4796987845,-0.2011048384,0.0096318224,1,0.0093775192,0.0001743898"
2026-09-08T22:00:00.000-03:00,"CSV=1788915600000,0.009331,0.009331,0.009143,0.009171,31695085,0.00939918,0.0095841422,0.0092142178,1.9298777961,16.3605385443,23.0359698854,18.3229816416,0.009575,-1.3870967742,20393012,1.5542130314,-0.8526845197,0.0096318224,1,0.0093754643,0.0001757508"
2026-09-08T23:00:00.000-03:00,"CSV=1788919200000,0.009171,0.009199,0.00904,0.009075,17687317,0.0093877,0.0095746034,0.0092007966,1.9520748378,15.3953979983,25.4985254123,18.7484957714,0.009575,-3.3649238633,19861178.6,0.8905472005,-1.5673308552,0.0096318224,1,0.0093724746,0.0001740758"
2026-09-09T00:00:00.000-03:00,"CSV=1788922800000,0.009078,0.009094,0.008921,0.008952,25915884,0.00937606,0.0095714212,0.0091806988,2.0410892059,14.4047680841,28.2839027841,19.6660930211,0.009575,-5.4499366286,20390311.2,1.2709901161,-3.3538257663,0.0095294046,1,0.0093682908,0.0001739682"
2026-09-09T01:00:00.000-03:00,"CSV=1788926400000,0.00895,0.009053,0.008917,0.008977,16250078,0.00935932,0.0095522836,0.0091663564,2.0200778604,13.6642068507,26.9810119254,20.5392549332,0.009575,-3.5767991407,18633820.5,0.872074409,-3.2756288431,0.0094955141,1,0.0093643974,0.0001701714"
2026-09-09T02:00:00.000-03:00,"CSV=1788930000000,0.008978,0.009027,0.008857,0.009027,18927338,0.00934186,0.0095243213,0.0091593987,1.9157405468,12.7839811185,27.5165285237,21.6070864235,0.009575,-3.1229877656,18863612.9,1.0033782023,-3.2282651787,0.0094524627,1,0.0093610402,0.0001701542"
2026-09-09T03:00:00.000-03:00,"CSV=1788933600000,0.009024,0.009046,0.008964,0.008981,12365177,0.00932574,0.009503711,0.009147769,1.8726473033,13.1186339399,26.6299679166,22.4327455228,0.009575,-3.6580133019,18926255,0.6533345873,-2.9488123228,0.0094524627,1,0.0093572587,0.0001613388"
2026-09-09T04:00:00.000-03:00,"CSV=1788937200000,0.008982,0.009002,0.008752,0.008807,25385595,0.00931578,0.0095079978,0.0091235622,2.0216435351,11.8694282159,32.16913742,24.0102491938,0.009575,-4.4171912307,20105838.9,1.26259815,-3.8249207073,0.0093876148,1,0.0093517835,0.0001702049"
2026-09-09T05:00:00.000-03:00,"CSV=1788940800000,0.008807,0.008882,0.008807,0.008869,15223432,0.00930404,0.0095050596,0.0091030204,2.1148694019,11.5169224127,31.213757985,25.4825859533,0.009575,-4.2121179393,20566493,0.7402055372,-3.5892248123,0.0093265533,1,0.0093469796,0.0001606844"
2026-09-09T06:00:00.000-03:00,"CSV=1788944400000,0.00887,0.008902,0.008773,0.008791,10735259,0.00929608,0.0095090237,0.0090831363,2.2393858653,10.9193051344,30.9617177335,26.974119876,0.009575,-4.766547503,20456882.9,0.5247749157,-3.2266047296,0.009310048,1,0.0093414475,0.000157516"
2026-09-09T07:00:00.000-03:00,"CSV=1788948000000,0.008791,0.008838,0.008729,0.008772,16709742,0.00927972,0.0095007241,0.0090587159,2.3261813964,10.4293633136,31.3837251394,28.5168025751,0.009575,-5.9706292207,19089490.7,0.8753372346,-3.8931745101,0.0092414932,1,0.0093357814,0.0001526644"
2026-09-09T08:00:00.000-03:00,"CSV=1788951600000,0.008774,0.008854,0.008665,0.008817,17911507,0.0092619,0.0094835731,0.0090402269,2.3374429922,9.6268841159,31.5744474422,30.1669532801,0.009575,-3.8599934576,17711132.9,1.0113134547,-3.8966707797,0.0092283939,1,0.0093306194,0.000156298"
2026-09-09T09:00:00.000-03:00,"CSV=1788955200000,0.008812,0.008836,0.00872,0.008809,16710326,0.00924682,0.0094730957,0.0090205443,2.3886144501,9.1632403007,30.053779166,31.7070939381,0.009575,-2.9311294766,17613433.8,0.9487261933,-3.5247269566,0.0092283939,1,0.0093254291,0.0001522682"
2026-09-09T10:00:00.000-03:00,"CSV=1788958800000,0.008806,0.008828,0.008621,0.00864,23826135,0.0092289,0.009466748,0.008991052,2.5124576964,8.3906163441,31.5523004656,33.4590851638,0.009575,-3.4852546917,17404458.9,1.3689672938,-3.9402178655,0.009197724,1,0.0093186089,0.0001577413"
2026-09-09T11:00:00.000-03:00,"CSV=1788962400000,0.008642,0.00875,0.008619,0.008688,24812873,0.0092112,0.0094556213,0.0089667787,2.584930895,7.9368508308,29.92851343,35.1003842429,0.00943,-3.219338309,18260738.4,1.3588099482,-4.0849682173,0.0091497016,1,0.0093123342,0.0001550672"
2026-09-09T12:00:00.000-03:00,"CSV=1788966000000,0.008686,0.008748,0.008437,0.00857,46926804,0.00919356,0.0094514236,0.0089356964,2.7283045406,6.9770875866,33.3860462208,37.1222529501,0.00943,-5.0625900078,21060685,2.2281708311,-6.4834172733,0.0091044815,1,0.0093049478,0.0001706605"
2026-09-09T13:00:00.000-03:00,"CSV=1788969600000,0.00857,0.008669,0.008467,0.008664,14691550,0.00917906,0.0094457586,0.0089123614,2.8234745226,6.4355187572,30.7945864254,39.0093304101,0.00943,-3.5296737557,21293322.3,0.6899604389,-5.1340566001,0.0090893833,1,0.0092985702,0.0001737944"
2026-09-09T14:00:00.000-03:00,"CSV=1788973200000,0.008664,0.008679,0.008581,0.008624,11782080,0.00916556,0.0094427242,0.0088883958,2.9352146294,6.5816741088,29.6002867003,40.649977066,0.00943,-2.0778925854,19932970.8,0.5910849977,-3.8321081114,0.0090893833,1,0.0092918581,0.000166215"
2026-09-09T15:00:00.000-03:00,"CSV=1788976800000,0.008622,0.008658,0.008582,0.008592,8387459,0.00915016,0.0094371974,0.0088631226,3.0415538717,6.3762025108,28.6762029326,42.1812472782,0.00943,-3.1232382456,19249373.5,0.4357263368,-3.0083644608,0.0090893833,1,0.0092848943,0.0001571935"
2026-09-09T16:00:00.000-03:00,"CSV=1788980400000,0.008594,0.008624,0.008414,0.008453,16183635,0.00913226,0.0094339352,0.0088305848,3.1977660574,5.8367474723,33.0184240079,44.0329236723,0.00943,-3.844841315,19794211.1,0.817594342,-3.0534164756,0.0090064224,1,0.0092766168,0.0001624741"
2026-09-09T17:00:00.000-03:00,"CSV=1788984000000,0.008452,0.008512,0.008336,0.008503,21902437,0.00911538,0.0094279821,0.0088027779,3.3156841074,5.4246310211,33.8162683742,45.9208725973,0.009331,-3.0665754674,20313480.6,1.0782217696,-3.1377604594,0.0089154802,1,0.0092689191,0.0001638267"
2026-09-09T18:00:00.000-03:00,"CSV=1788987600000,0.008504,0.008504,0.008328,0.008403,9451866,0.00909468,0.0094192715,0.0087700885,3.4460357566,5.0431163374,31.7576499657,47.6989697413,0.009199,-4.6954746512,19467516.5,0.4855198659,-2.8517557139,0.0089111322,1,0.009260303,0.0001650441"
2026-09-09T19:00:00.000-03:00,"CSV=1788991200000,0.0084,0.008416,0.007,0.00771,221153107,0.00905934,0.0094328826,0.0086857974,3.9600051745,3.139674832,55.1689726666,50.4677613067,0.009094,-12.475876944,39911794.6,5.5410464304,-24.9443082783,0.008578419,1,0.0092448771,0.0002901397"
2026-09-09T20:00:00.000-03:00,"CSV=1788994800000,0.007709,0.007916,0.007705,0.007828,53140928,0.00902554,0.0094311362,0.0086199438,4.3006076587,2.9612334337,52.033479614,53.0519667678,0.009053,-9.3981481481,42843273.9,1.2403563772,-20.5152231819,0.008578419,1,0.0092307788,0.0002822257"
2026-09-09T21:00:00.000-03:00,"CSV=1788998400000,0.00783,0.008019,0.007758,0.007778,39257146,0.00898808,0.0094198301,0.0085563299,4.5834166483,5.5181349677,48.3886617358,54.8169774613,0.009046,-10.4742173112,44287701.2,0.8864119143,-16.7716391271,0.008578419,1,0.0092163233,0.0002801031"
2026-09-09T22:00:00.000-03:00,"CSV=1789002000000,0.007778,0.00809,0.007708,0.007834,39981175,0.0089513,0.00940109,0.00850151,4.7844452744,6.8115394223,43.5994895949,56.0275786514,0.009046,-8.5880980163,43593138.3,0.9171437653,-13.8065996018,0.008578419,1,0.0092025688,0.0002902928"
2026-09-09T23:00:00.000-03:00,"CSV=1789005600000,0.007831,0.007965,0.007815,0.007942,27510424,0.00891932,0.009382685,0.008455955,4.9385118945,6.5392469144,41.8565921925,57.1574730955,0.009002,-8.3333333333,44875025.7,0.6130453091,-10.9073033708,0.008578419,1,0.0091900258,0.0002762635"
2026-09-10T00:00:00.000-03:00,"CSV=1789009200000,0.007942,0.007969,0.00774,0.007772,28200969,0.0088856,0.009369432,0.008401768,5.1639420091,6.1379019567,41.2977439402,58.2883842897,0.008902,-9.879406308,46516914.6,0.6062519245,-9.2680052764,0.008578419,1,0.0091759161,0.0002715372"
2026-09-10T01:00:00.000-03:00,"CSV=1789012800000,0.007772,0.007832,0.007744,0.007779,18995532,0.00885606,0.0093610037,0.0083511163,5.3941195851,5.9866216826,40.2798824521,59.3439014043,0.008902,-9.4622905028,47577721.9,0.3992526595,-7.4379517336,0.0085475504,1,0.0091620165,0.0002531835"
2026-09-10T02:00:00.000-03:00,"CSV=1789016400000,0.007783,0.0078,0.007719,0.00778,12848037,0.00882636,0.0093497141,0.0083030059,5.5975415638,5.8445591082,40.0564481829,60.3565793353,0.008854,-7.9616704129,47244162.1,0.2719497273,-5.6803591883,0.0084673953,1,0.0091482651,0.0002359651"
2026-09-10T03:00:00.000-03:00,"CSV=1789020000000,0.007781,0.007875,0.007683,0.007793,20794177,0.00879598,0.0093341401,0.0082578199,5.7655031404,7.7327021496,37.7795971238,60.7340931059,0.008854,-8.3499941197,47133336.1,0.4411777039,-5.0148498701,0.0084673953,1,0.0091347798,0.0002315686"
2026-09-10T04:00:00.000-03:00,"CSV=1789023600000,0.007793,0.007804,0.007721,0.007764,9219195,0.00876488,0.0093166751,0.0082130849,5.9226607582,7.5343450376,36.810485469,61.0864392918,0.008836,-7.6044269904,47110069,0.1956947887,-3.8392821578,0.0084126352,1,0.0091211402,0.0002167117"
2026-09-10T05:00:00.000-03:00,"CSV=1789027200000,0.007764,0.007912,0.007688,0.007883,22346729,0.00873932,0.0093016726,0.0081769674,6.0457152889,10.3433691052,34.2686543379,60.5893219785,0.008828,2.2438391699,27229431.2,0.8206829161,-1.9456946142,0.0084126352,1,0.0091088204,0.0002174406"
2026-09-10T06:00:00.000-03:00,"CSV=1789030800000,0.007883,0.007944,0.007826,0.007857,21620368,0.00871224,0.0092837532,0.0081407268,6.1560573471,10.972639685,32.9831757969,59.888315842,0.00875,0.3704649974,24077375.2,0.8979536939,-1.1862429385,0.0084126352,1,0.0090963645,0.0002074965"
2026-09-10T07:00:00.000-03:00,"CSV=1789034400000,0.007857,0.007933,0.007857,0.007891,9025572,0.00868574,0.0092639599,0.0081075201,6.2416064207,10.6957704739,32.1509215605,59.2340434478,0.008748,1.4528156338,21054217.8,0.4286823707,-0.5832298089,0.0084126352,1,0.0090843708,0.0001943469"
2026-09-10T08:00:00.000-03:00,"CSV=1789038000000,0.00789,0.00796,0.007855,0.007873,10693915,0.0086592,0.0092436275,0.0080747725,6.322491315,11.2365294488,30.9932905225,58.4040345679,0.008679,0.4978299719,18125491.8,0.5899930947,-0.2909144574,0.0084126352,1,0.0090723174,0.0001854122"
2026-09-10T09:00:00.000-03:00,"CSV=1789041600000,0.007873,0.008053,0.007711,0.00787,47540174,0.00863282,0.0092224831,0.0080431569,6.3937568455,9.9822220265,32.23369396,58.0243474007,0.008679,-0.9065726517,20128466.8,2.3618378127,-0.9076688279,0.0084126352,1,0.009060354,0.000201071"
2026-09-10T10:00:00.000-03:00,"CSV=1789045200000,0.00787,0.00796,0.00783,0.00786,19173923,0.00860776,0.0092030819,0.0080124381,6.4687234172,9.5481407249,30.8319976449,57.6699727114,0.008658,1.1322696861,19225762.2,0.9973036596,-0.2287069847,0.0084126352,1,0.0090484102,0.0001939639"
2026-09-10T11:00:00.000-03:00,"CSV=1789048800000,0.00786,0.007953,0.007762,0.007901,18830433,0.0085823,0.0091800772,0.0079845228,6.5116796927,8.9364101534,31.1376083392,57.5186731284,0.008624,1.5683249775,19209252.3,0.9802793313,0.3599941969,0.0084126352,1,0.0090369932,0.0001936675"
2026-09-10T12:00:00.000-03:00,"CSV=1789052400000,0.007901,0.00795,0.007843,0.007903,14764016,0.00855522,0.0091524878,0.0079579522,6.5257428792,8.6054845739,29.9845467733,57.3774601842,0.008512,1.5809768638,19400850.2,0.760998402,0.6410364203,0.0084126352,1,0.0090257097,0.0001850007"
2026-09-10T13:00:00.000-03:00,"CSV=1789056000000,0.007902,0.007902,0.007747,0.007868,22634053,0.00852426,0.0091162033,0.0079323167,6.4933099195,8.1349145236,31.7099960646,57.4967700822,0.008504,0.9624021558,19584837.8,1.1556926451,0.7981046445,0.008370802,1,0.0090141902,0.0001821007"
2026-09-10T14:00:00.000-03:00,"CSV=1789059600000,0.007869,0.007927,0.007847,0.00787,10139289,0.00849566,0.0090839666,0.0079073534,6.4763181229,8.8091579385,30.7850478935,57.3638382518,0.008416,1.3652756311,19676847.2,0.5152903256,0.7665742045,0.008370802,1,0.0090028052,0.0001718906"
2026-09-10T15:00:00.000-03:00,"CSV=1789063200000,0.007869,0.007886,0.007787,0.00787,8347927,0.00846524,0.009045736,0.007884744,6.4173438288,8.4811499779,31.8954297975,57.4055660566,0.00809,-0.1649118356,18276967,0.45674575,0.4859418763,0.0083303046,1,0.0089915335,0.0001646015"
2026-09-10T16:00:00.000-03:00,"CSV=1789066800000,0.00787,0.007938,0.007811,0.007924,7988398,0.00843436,0.009001608,0.007867112,6.3016294524,10.061684529,30.3425636959,56.9248561699,0.00809,0.8527427771,16913770,0.4723014443,0.4582117993,0.0083303046,1,0.0089809113,0.0001608414"
2026-09-10T17:00:00.000-03:00,"CSV=1789070400000,0.007925,0.00797,0.007886,0.007899,12361988,0.00840614,0.0089641465,0.0078481335,6.2248698738,10.996640491,29.3305992026,56.1607300662,0.00809,0.1013813205,17247411.6,0.7167445346,0.3296960353,0.0083303046,1,0.008970146,0.0001531572"
2026-09-10T18:00:00.000-03:00,"CSV=1789074000000,0.007897,0.00795,0.007871,0.007943,4779701,0.00837864,0.0089247857,0.0078324943,6.1194267252,10.639097061,28.99429979,55.5041790086,0.008053,0.8891146958,16655990.2,0.2869658869,0.304845886,0.0083303046,1,0.0089599256,0.0001457415"
2026-09-10T19:00:00.000-03:00,"CSV=1789077600000,0.007942,0.007992,0.007926,0.007931,5593756,0.00835082,0.0088834646,0.0078181754,5.9959106266,12.1378952361,28.1743215832,54.4559378651,0.008053,0.7750952986,12461348.4,0.4488885007,0.3192077128,0.0083303046,1,0.0089496876,0.0001377674"
2026-09-10T20:00:00.000-03:00,"CSV=1789081200000,0.007933,0.00794,0.007808,0.00784,16844939,0.00832334,0.0088460945,0.0078005855,5.9094383111,11.4443511409,31.6723336864,53.9531761822,0.008053,-0.2544529262,12228450,1.3775203726,0.095967112,0.0082855719,1,0.0089386459,0.0001371906"
2026-09-10T21:00:00.000-03:00,"CSV=1789084800000,0.00784,0.007947,0.007831,0.007874,18925867,0.00829564,0.0088045937,0.0077866863,5.7805476993,11.168161936,30.0553707515,53.4107357871,0.008053,-0.3417288951,12237993.4,1.5464844915,-0.1121814042,0.0082855719,1,0.0089280524,0.0001350716"
2026-09-10T22:00:00.000-03:00,"CSV=1789088400000,0.007877,0.007894,0.007785,0.007814,14407668,0.0082673,0.0087626507,0.0077719493,5.6529779664,10.6221954065,30.6491625405,53.0850266407,0.008053,-1.1261546248,12202358.6,1.1807281258,-0.5180150826,0.0082368932,1,0.0089169673,0.0001324644"
2026-09-10T23:00:00.000-03:00,"CSV=1789092000000,0.007814,0.007841,0.007725,0.007752,13178981,0.00823576,0.0087123564,0.0077591636,5.470349837,10.0613596377,31.7618892014,53.0051104476,0.008053,-1.4743263854,11256851.4,1.1707519742,-0.9207002305,0.0081754539,1,0.0089053756,0.000130818"
2026-09-11T00:00:00.000-03:00,"CSV=1789095600000,0.007752,0.007795,0.007714,0.007762,7861233,0.00820758,0.0086694734,0.0077456866,5.3278134507,9.679025307,31.0709819796,52.9711424051,0.008053,-1.3722998729,11029045.8,0.7127754425,-0.9398473701,0.0081320085,1,0.0088939987,0.0001258362"
2026-09-11T01:00:00.000-03:00,"CSV=1789099200000,0.007762,0.00778,0.007712,0.007726,10794918,0.0081806,0.008630275,0.007730925,5.2104364469,9.3591290376,30.1412788786,52.9472325276,0.008053,-1.8297331639,11273744.9,0.9575272543,-1.2105713709,0.0081061577,1,0.0088823769,0.0001200526"
2026-09-11T02:00:00.000-03:00,"CSV=1789102800000,0.007724,0.007784,0.007702,0.007734,8872272,0.00815624,0.008596356,0.007716124,5.1197968828,8.9758447252,29.4063301039,52.966023546,0.008053,-2.3977788995,11362132.3,0.7808632892,-1.4311600867,0.0080917419,1,0.0088709502,0.0001162473"
2026-09-11T03:00:00.000-03:00,"CSV=1789106400000,0.007735,0.007777,0.007715,0.007747,9774752,0.00813164,0.008559394,0.007703886,4.9974802976,8.6876224074,28.4620668194,52.9835618298,0.008053,-1.9242942145,11103408.7,0.8803379452,-1.5187831294,0.0080784677,1,0.0088597666,0.0001108226"
2026-09-11T04:00:00.000-03:00,"CSV=1789110000000,0.007746,0.007789,0.007698,0.007703,10561510,0.00810516,0.0085173657,0.0076929543,4.8395919026,8.2700119744,27.9919102825,53.0771476588,0.008053,-3.0215283898,11681589.6,0.9041158234,-1.9231259623,0.0080700209,1,0.0088482565,0.0001088403"
2026-09-11T05:00:00.000-03:00,"CSV=1789113600000,0.007703,0.007758,0.007621,0.00774,21364768,0.00808034,0.0084760956,0.0076845844,4.6690785699,7.6749167377,30.0220289975,53.490735314,0.007992,-2.4082713403,13258690.8,1.6113784025,-2.5756294499,0.0080244688,1,0.0088372291,0.0001116563"
2026-09-11T06:00:00.000-03:00,"CSV=1789117200000,0.007741,0.007772,0.007639,0.007708,15925439,0.00805836,0.0084435241,0.0076731959,4.5616510767,7.873474088,27.931443141,53.6593630926,0.007992,-1.6836734694,13166740.8,1.2095202026,-2.3958986585,0.0080244688,1,0.008825993,0.0001137907"
2026-09-11T07:00:00.000-03:00,"CSV=1789120800000,0.007705,0.007739,0.00764,0.007642,12328339,0.00803382,0.0084054025,0.0076622375,4.4207578563,7.4592187726,26.4618569508,53.8167490194,0.007992,-2.9464058928,12506988,0.9857160653,-2.5653723135,0.0080244688,1,0.008814212,0.0001123116"
2026-09-11T08:00:00.000-03:00,"CSV=1789124400000,0.007642,0.00769,0.007505,0.007655,34507155,0.0080111,0.0083702114,0.0076519886,4.2903506178,6.7483357741,30.8944875829,54.5053279112,0.007992,-2.0348093166,14516936.7,2.3770273105,-3.3225139814,0.0079562413,1,0.0088026775,0.0001195804"
2026-09-11T09:00:00.000-03:00,"CSV=1789128000000,0.007657,0.007876,0.007516,0.00784,41846414,0.00799246,0.0083354173,0.0076495027,4.1144583167,14.1941420449,25.7733184564,52.8030733163,0.007992,1.1351909185,17383680,2.4072241321,-1.3041229964,0.0079562413,1,0.0087930986,0.0001436224"
2026-09-11T10:00:00.000-03:00,"CSV=1789131600000,0.007839,0.008302,0.007795,0.008228,74997853,0.00798068,0.0083047065,0.0076566535,3.9017213584,28.1656255127,20.6165959311,50.3145324731,0.008302,6.0036073177,24097342,3.1122873635,5.3589017324,0.0075456979,-1,0.0087874758,0.0001799601"
2026-09-11T11:00:00.000-03:00,"CSV=1789135200000,0.008231,0.008575,0.00819,0.008227,105000575,0.00796904,0.0082729296,0.0076651504,3.6733007279,34.1495901865,17.730330613,49.0701358132,0.008575,6.4845974631,33517907.7,3.1326709274,10.3439711379,0.0077811076,-1,0.0087818989,0.0002004641"
2026-09-11T12:00:00.000-03:00,"CSV=1789138800000,0.008226,0.008269,0.008012,0.008108,38129548,0.0079584,0.008247568,0.007669232,3.5060999752,31.0414740049,22.4203539859,46.8738433373,0.008575,4.8357900181,36443635.3,1.0462608268,8.5824799794,0.0077811076,-1,0.0087751934,0.0002061177"
2026-09-11T13:00:00.000-03:00,"CSV=1789142400000,0.008104,0.00816,0.008045,0.008134,24967563,0.00794732,0.0082183656,0.0076762744,3.2980479263,29.7435980343,21.4829359147,44.8239703599,0.008575,4.9954821221,37962916.4,0.657682954,6.8168011325,0.0077811076,-1,0.0087688134,0.0001970059"
2026-09-11T14:00:00.000-03:00,"CSV=1789146000000,0.008133,0.008174,0.008027,0.008127,21250651,0.00793846,0.0081959058,0.0076810142,3.1411510159,28.1326405767,20.9825900547,42.8062193544,0.008575,5.504348955,39031830.5,0.54444413,5.5434709144,0.0077811076,-1,0.0087624272,0.0001920054"
2026-09-11T15:00:00.000-03:00,"CSV=1789149600000,0.008127,0.008195,0.007891,0.008092,29688431,0.00792702,0.0081638549,0.0076901851,2.9010182429,25.1182506456,23.527839158,40.1704281396,0.008575,4.5478036176,39864196.8,0.7447392242,4.824623189,0.0077811076,-1,0.0087557563,0.0002032048"
2026-09-11T16:00:00.000-03:00,"CSV=1789153200000,0.008094,0.008176,0.008045,0.008167,14961262,0.00791788,0.0081356951,0.0077000649,2.6772772919,23.9342038837,22.4187626478,37.7103563391,0.008575,5.9548521017,39767779.1,0.3762156786,3.9631850341,0.0077811076,-1,0.008749898,0.0001959843"
2026-09-11T17:00:00.000-03:00,"CSV=1789156800000,0.008162,0.008203,0.008093,0.008181,12925708,0.00790966,0.0081088377,0.0077104823,2.4563035854,23.9590721221,21.5066734374,35.5559291181,0.008575,7.0531274535,39827516,0.3245421582,3.4051357581,0.0077811076,-1,0.0087442373,0.0001873859"
2026-09-11T18:00:00.000-03:00,"CSV=1789160400000,0.008179,0.008337,0.008177,0.00822,14775617,0.007905,0.00809387,0.00771613,2.3334944596,27.5240203808,20.2243689015,34.2047167716,0.008575,7.3807968648,37854362.2,0.3903279871,3.2304010332,0.0077811076,-1,0.008739021,0.0001846473"
2026-09-11T19:00:00.000-03:00,"CSV=1789164000000,0.008222,0.008453,0.008183,0.008359,28041031,0.00790212,0.0080827683,0.0077214717,2.2349811368,29.0264029366,18.2563106049,33.442940707,0.008575,6.6198979592,36473823.9,0.7687987713,3.8500571612,0.0077811076,-1,0.0087352397,0.0001931826"
2026-09-11T20:00:00.000-03:00,"CSV=1789167600000,0.008361,0.008484,0.008296,0.008345,21004238,0.00790096,0.0080785486,0.0077233714,2.1982738433,28.1778505568,17.0206573497,32.859069369,0.008575,1.4219737482,31074462.4,0.675932466,2.8870908482,0.007812007,-1,0.0087313567,0.0001926643"
2026-09-11T21:00:00.000-03:00,"CSV=1789171200000,0.008348,0.008368,0.00824,0.008308,14902664,0.00791292,0.0080972539,0.0077285861,2.2764991761,26.8520552496,18.2782989493,31.9349820663,0.008575,0.9845630242,22064671.3,0.6754083846,2.1463879394,0.007812007,-1,0.0087271442,0.0001861979"
2026-09-11T22:00:00.000-03:00,"CSV=1789174800000,0.008308,0.008308,0.008239,0.008293,6277852,0.00792222,0.0081136292,0.0077308108,2.3591073756,26.1416535128,17.8330679429,31.0655835193,0.008575,2.2816970893,18879501.7,0.3325221237,1.6838302135,0.007812007,-1,0.0087228244,0.0001744781"
2026-09-11T23:00:00.000-03:00,"CSV=1789178400000,0.008297,0.008305,0.008234,0.008283,8157195,0.00793232,0.0081291009,0.0077355391,2.4206974375,25.4007767705,17.5272470646,30.2172936139,0.008575,1.8318170642,17198464.9,0.4742978543,1.4121624434,0.007812007,-1,0.008718448,0.0001641303"
2026-09-12T00:00:00.000-03:00,"CSV=1789182000000,0.008282,0.008472,0.008231,0.008348,28352535,0.0079426,0.0081472449,0.0077379551,2.5118290484,29.5022037227,15.8895060636,30.2021001547,0.008575,2.7193306263,17908653.3,1.583175157,2.376500526,0.0078360482,-1,0.008714762,0.0001718173"
2026-09-12T01:00:00.000-03:00,"CSV=1789185600000,0.008347,0.008513,0.008327,0.008421,29799611,0.00795218,0.0081675055,0.0077368545,2.6363678901,28.9671968398,14.749839193,30.3567148818,0.008575,4.0657439446,17919771.3,1.662945944,3.838037818,0.0079002934,-1,0.008711839,0.0001732355"
2026-09-12T02:00:00.000-03:00,"CSV=1789189200000,0.008415,0.008486,0.008361,0.008426,13804193,0.00796526,0.0081889446,0.0077415754,2.731543487,27.5446546657,14.0254933604,30.5010219605,0.008575,3.1712991306,17804064.4,0.7753394219,3.3783029569,0.0079182641,-1,0.0087089948,0.000168412"
2026-09-12T03:00:00.000-03:00,"CSV=1789192800000,0.00842,0.008492,0.008317,0.008338,28076726,0.00797644,0.0082044633,0.0077484167,2.779259734,25.6548398588,14.7882460231,30.2588774524,0.008575,1.919080797,19319166.2,1.4533094084,3.1818746971,0.0079182641,-1,0.0087053033,0.0001690708"
2026-09-12T04:00:00.000-03:00,"CSV=1789196400000,0.008339,0.008499,0.008318,0.008467,15826411,0.00799018,0.0082264998,0.0077538602,2.8726657301,24.1153835317,13.7433383828,30.0680664467,0.008575,3.00486618,19424245.6,0.8147760961,2.9373475099,0.0079182641,-1,0.0087029321,0.0001702637"
2026-09-12T05:00:00.000-03:00,"CSV=1789200000000,0.008469,0.008497,0.008396,0.008443,16674618,0.00800318,0.008246082,0.007760278,2.9456657353,23.1379394093,13.1862937351,29.8899761748,0.008575,1.0049048929,18287604.3,0.9117989282,2.2636554081,0.007956488,-1,0.0087003457,0.0001633373"
2026-09-12T06:00:00.000-03:00,"CSV=1789203600000,0.008442,0.008498,0.008403,0.008449,19711672,0.00801688,0.0082651634,0.0077685966,3.0039749352,22.271217723,12.6688073215,29.7294812011,0.008575,1.2462552427,18158347.7,1.0855432623,1.960058266,0.0079809892,-1,0.0086978448,0.0001565036"
2026-09-12T07:00:00.000-03:00,"CSV=1789207200000,0.008449,0.008499,0.008367,0.008458,19997118,0.00802838,0.0082834205,0.0077733395,3.0789277935,21.041871745,13.474927152,29.2090156631,0.008513,1.8054886856,18667793.1,1.0712095368,1.9513910769,0.0079809892,-1,0.0086954583,0.0001540532"
2026-09-12T08:00:00.000-03:00,"CSV=1789210800000,0.008459,0.008492,0.008342,0.008353,19222473,0.0080383,0.0082961127,0.0077804873,3.1076330582,19.7167778429,13.675924222,28.4677706752,0.008513,0.7235017485,19962255.2,0.9629409507,1.5331572051,0.0079809892,-1,0.0086920507,0.0001536479"
2026-09-12T09:00:00.000-03:00,"CSV=1789214400000,0.008364,0.008598,0.008329,0.008496,29355040,0.0080504,0.0083151203,0.0077856797,3.1836016258,21.8419386801,12.1997504711,28.458229082,0.008598,2.5715320536,22082039.7,1.3293627038,2.1616044046,0.0079809892,-1,0.0086901,0.0001651831"
2026-09-12T10:00:00.000-03:00,"CSV=1789218000000,0.008498,0.008596,0.008401,0.008435,23650873,0.00806164,0.0083304883,0.0077927917,3.2272818818,20.1524538996,11.2560937267,28.449323595,0.008598,1.0421657882,21611873.5,1.0943462629,1.8212330149,0.0079940056,-1,0.0086875617,0.0001681648"
2026-09-12T11:00:00.000-03:00,"CSV=1789221600000,0.008434,0.008645,0.008408,0.008523,33178054,0.0080747,0.0083497117,0.0077996883,3.2936664844,20.2002809112,10.2260665724,28.7381356267,0.008645,1.2112575704,21949717.8,1.5115480892,1.8244466986,0.008001355,-1,0.0086859242,0.0001750483"
2026-09-12T12:00:00.000-03:00,"CSV=1789225200000,0.008522,0.008552,0.008439,0.008487,15277921,0.00808724,0.008366439,0.007808041,3.3371302505,19.2981491905,9.7693769316,29.0076935229,0.008645,0.7239496796,22097090.6,0.6913996633,1.3831439873,0.008001355,-1,0.0086839449,0.0001688435"
2026-09-12T13:00:00.000-03:00,"CSV=1789228800000,0.008485,0.008512,0.00832,0.00834,32523073,0.00809602,0.0083761254,0.0078159146,3.3440924039,17.8471492058,13.6949556675,27.9514453547,0.008645,0.0239865675,22541725.3,1.44279431,0.9336318859,0.008001355,-1,0.0086805226,0.0001711591"
2026-09-12T14:00:00.000-03:00,"CSV=1789232400000,0.008341,0.008347,0.008237,0.008317,18539355,0.0081043,0.0083846961,0.0078239039,3.3441414175,17.0597775235,16.4196346371,26.2154856219,0.008645,-1.7715837959,22813019.7,0.8126655412,0.1425195559,0.008001355,-1,0.0086769054,0.0001650432"
2026-09-12T15:00:00.000-03:00,"CSV=1789236000000,0.008321,0.00837,0.008302,0.008308,6390595,0.0081131,0.0083928457,0.0078333543,3.3331446625,17.5357185101,15.9534635102,24.7827649116,0.008645,-1.5989577165,21784617.4,0.2933535569,-0.0613402739,0.008001355,-1,0.0086732347,0.0001553389"
2026-09-12T16:00:00.000-03:00,"CSV=1789239600000,0.008308,0.008369,0.008276,0.008342,9207655,0.00812254,0.0084018865,0.0078431935,3.3248073147,16.8353272717,16.4328943503,23.2112246947,0.008645,-1.2664220618,20734215.7,0.4440802166,-0.2283578438,0.008001355,-1,0.0086699389,0.000149105"
2026-09-12T17:00:00.000-03:00,"CSV=1789243200000,0.008342,0.00839,0.008322,0.008338,5864188,0.0081319,0.0084104674,0.0078533326,3.3121515185,17.2615237659,15.9343089467,21.9303521715,0.008645,-1.4187751241,19320922.7,0.3035149041,-0.2957783611,0.008001355,-1,0.008666636,0.0001409945"
2026-09-12T18:00:00.000-03:00,"CSV=1789246800000,0.008335,0.008362,0.008271,0.008295,5497547,0.00813932,0.0084171911,0.0078614489,3.3012328962,16.5418982639,17.606462884,20.6761599693,0.008645,-0.6943613073,17948430.1,0.3062968165,-0.2680791267,0.008001355,-1,0.0086629381,0.0001359951"
2026-09-12T19:00:00.000-03:00,"CSV=1789250400000,0.0083,0.008471,0.0083,0.008448,14841915,0.0081503,0.0084293025,0.0078712975,3.3099115457,20.1513039235,16.206397255,20.0211002575,0.008645,-0.5649717514,16497117.6,0.8996671637,-0.3481482622,0.008001355,-1,0.0086607994,0.0001399956"
2026-09-12T20:00:00.000-03:00,"CSV=1789254000000,0.008449,0.008505,0.008392,0.008467,16262081,0.00816078,0.0084416341,0.0078799259,3.3270115906,20.6666975769,15.3658504906,19.6671118794,0.008645,0.3793716657,15758238.4,1.031973282,-0.1015983671,0.008036612,-1,0.0086588711,0.000137296"
2026-09-12T21:00:00.000-03:00,"CSV=1789257600000,0.008472,0.008594,0.008439,0.008536,14827765,0.00817288,0.0084565919,0.0078891681,3.3549205544,23.2697201862,14.2775575829,19.952564882,0.008645,0.1525284524,13923209.5,1.064967456,-0.0135862988,0.0080993008,-1,0.0086576485,0.0001390664"
2026-09-12T22:00:00.000-03:00,"CSV=1789261200000,0.008544,0.008634,0.008445,0.008595,20010912,0.00818798,0.0084736581,0.0079023019,3.3713669035,23.0913815454,13.0683438313,20.4703131075,0.008645,1.2725344645,14396508.6,1.3899836798,0.58054318,0.0081073207,-1,0.0086570251,0.0001440598"
2026-09-12T23:00:00.000-03:00,"CSV=1789264800000,0.008597,0.008634,0.008472,0.008529,16035701,0.00820108,0.0084870775,0.0079150825,3.3698000267,21.4249573705,12.1252472027,20.9535447846,0.008645,2.2661870504,12747771.4,1.2579219141,1.3372575707,0.0081154386,-1,0.0086557512,0.0001458538"
2026-09-13T00:00:00.000-03:00,"CSV=1789268400000,0.008532,0.008537,0.008275,0.00832,26367425,0.0082112,0.008492231,0.007930169,3.3092712681,19.0435531328,19.1350473444,19.5726183251,0.008645,0.0360706986,13530578.4,1.9487285924,0.9149357144,0.0081154386,-1,0.0086524104,0.0001574684"
2026-09-13T01:00:00.000-03:00,"CSV=1789272000000,0.008321,0.00839,0.008097,0.008188,28496604,0.00821992,0.0084932254,0.0079466146,3.2179222008,16.8053919745,24.026092607,19.4467203799,0.008645,-1.4443909485,15741179.3,1.8103220513,-0.2616471187,0.0081154386,-1,0.0086477894,0.0001710216"
2026-09-13T02:00:00.000-03:00,"CSV=1789275600000,0.008189,0.008265,0.008182,0.008232,11976513,0.00822932,0.0084946812,0.0079639588,3.1238514322,16.2265715632,23.1985729142,19.3292156311,0.008645,-1.3186286262,16018065.1,0.7476878715,-0.5030722894,0.0081154386,-1,0.0086436522,0.0001622194"
2026-09-13T03:00:00.000-03:00,"CSV=1789279200000,0.008234,0.008256,0.008055,0.008157,20489694,0.00823794,0.0084936356,0.0079822444,3.0104379728,14.8954154245,26.4788069725,19.9070438339,0.008645,-2.1707843608,17480615.7,1.1721380043,-1.1835344757,0.0081154386,-1,0.0086388099,0.0001660975"
2026-09-13T04:00:00.000-03:00,"CSV=1789282800000,0.00816,0.00839,0.00813,0.008138,26237892,0.00824602,0.0084918566,0.0080001834,2.8949684779,18.6362448216,23.7756283335,19.387760526,0.008645,-1.8927064497,19554650.2,1.3417725059,-1.6355501424,0.0081154386,-1,0.0086338267,0.0001754877"
2026-09-13T05:00:00.000-03:00,"CSV=1789286400000,0.008143,0.008267,0.008085,0.008224,23702981,0.00825556,0.0084908766,0.0080202434,2.7714048663,17.3108196096,23.8431679737,19.153439256,0.008645,-2.6515151515,20440756.8,1.1595941007,-2.1152605375,0.0081154386,-1,0.0086297488,0.000176139"
2026-09-13T06:00:00.000-03:00,"CSV=1789290000000,0.008224,0.008371,0.0082,0.008331,14620229,0.00826812,0.0084899837,0.0080462563,2.6132406976,20.2176655098,22.2501601548,18.1956075404,0.008645,-1.606235975,20276571.6,0.721040484,-1.7962274133,0.0081154386,-1,0.0086267762,0.0001756251"
2026-09-13T07:00:00.000-03:00,"CSV=1789293600000,0.008329,0.008395,0.008261,0.008263,13708932,0.00827858,0.0084872338,0.0080699262,2.45844281,20.0951160597,21.0683276662,17.140184496,0.008634,-3.1982193065,20164688.3,0.6798484458,-1.9222530837,0.0081154386,-1,0.0086231565,0.0001714625"
2026-09-13T08:00:00.000-03:00,"CSV=1789297200000,0.00826,0.008321,0.008252,0.00827,7758433,0.00828982,0.0084819145,0.0080977255,2.2647543446,19.5230093244,20.8398606904,16.2150076325,0.008634,-3.7812681792,18939440.4,0.4096442575,-1.7978269877,0.0081154386,-1,0.0086196426,0.0001612163"
2026-09-13T09:00:00.000-03:00,"CSV=1789300800000,0.008266,0.008365,0.008223,0.008334,12360182,0.00830366,0.0084720476,0.0081352724,1.987566756,20.2000929183,19.6089051572,15.2330111663,0.008634,-2.2863172705,18571888.5,0.6655317794,-1.7057569256,0.0081154386,-1,0.0086168003,0.0001592947"
2026-09-13T10:00:00.000-03:00,"CSV=1789304400000,0.008332,0.008366,0.008276,0.008307,5552164,0.0083167,0.0084573036,0.0081760964,1.6625108722,19.4639401317,18.8527019024,14.3238256961,0.008634,-0.15625,16490362.4,0.3366914483,-1.1547072966,0.0081154386,-1,0.0086137177,0.0001523652"
2026-09-13T11:00:00.000-03:00,"CSV=1789308000000,0.008307,0.008353,0.008091,0.008148,19586715,0.00832286,0.008448382,0.008197338,1.4857513851,17.3741152326,24.4099079613,14.4914690516,0.008634,-0.4885197851,15599373.5,1.2556090794,-0.974268157,0.0081154386,-1,0.0086090837,0.0001633287"
2026-09-13T12:00:00.000-03:00,"CSV=1789311600000,0.008148,0.008263,0.008129,0.008142,14202979,0.00832114,0.0084485254,0.0081937546,1.5077826603,16.4086876186,23.0535223908,14.6479361833,0.008634,-1.0932944606,15822020.1,0.897671657,-0.9766519213,0.0081154386,-1,0.0086044361,0.0001603958"
2026-09-13T13:00:00.000-03:00,"CSV=1789315200000,0.008144,0.00821,0.008131,0.008157,6194322,0.00831974,0.0084485293,0.0081909507,1.5243985298,15.8522785119,22.2717907803,14.7939721729,0.008634,0,14392482.9,0.4303859204,-0.6511012809,0.0081154386,-1,0.008599984,0.0001522562"
2026-09-13T14:00:00.000-03:00,"CSV=1789318800000,0.008158,0.008199,0.008142,0.008181,4857013,0.0083212,0.0084479787,0.0081944213,1.5006986791,15.4473436407,21.702874159,14.9302724298,0.008634,0.5283853527,12254395,0.396348657,-0.3642592456,0.0081154386,-1,0.008595815,0.0001427306"
2026-09-13T15:00:00.000-03:00,"CSV=1789322400000,0.008173,0.008467,0.008167,0.008324,36818650,0.008325,0.0084489261,0.0082010739,1.4667675566,24.7503105193,18.9702705854,14.8162815794,0.008634,1.2159533074,13565961.9,2.7140463958,0.8572117334,0.0081154386,-1,0.0085931104,0.0001584575"
2026-09-13T16:00:00.000-03:00,"CSV=1789326000000,0.008327,0.008332,0.008256,0.008264,7432486,0.00832774,0.008448738,0.008206742,1.4321427096,23.9324083772,18.3433764325,14.7098901191,0.008634,-0.8042251831,12847187.6,0.5785301991,0.4163849705,0.0081154386,-1,0.0085898357,0.0001502118"
2026-09-13T17:00:00.000-03:00,"CSV=1789329600000,0.008262,0.008309,0.008247,0.008302,3482351,0.00833194,0.0084482356,0.0082156444,1.3765662127,23.2605435991,18.2359324726,14.5364657693,0.008634,0.4719835411,11824529.5,0.2945022887,0.3239233913,0.0081154386,-1,0.0085869716,0.0001413906"
2026-09-13T18:00:00.000-03:00,"CSV=1789333200000,0.0083,0.008303,0.008264,0.008268,2726030,0.00833396,0.0084482326,0.0082196874,1.3526219523,22.8286157679,17.8973072497,14.3746030429,0.008634,-0.0241837969,11321289.2,0.2407879484,0.214007872,0.0081154386,-1,0.0085837978,0.0001311516"
2026-09-13T19:00:00.000-03:00,"CSV=1789336800000,0.008268,0.008281,0.007825,0.007991,56784222,0.00833016,0.0084523414,0.0082079786,1.4455331818,18.5203379983,32.6883768257,15.2607789437,0.008537,-4.1156707463,15763693.2,3.602215628,-4.7991725794,0.0085439092,1,0.0085778993,0.0001636364"
2026-09-13T20:00:00.000-03:00,"CSV=1789340400000,0.007992,0.008122,0.007992,0.008048,10183584,0.00832672,0.0084542584,0.0081991816,1.5085698441,17.5035731844,30.893788013,16.0878764511,0.008467,-3.1178524136,16226835.2,0.6275767193,-3.851678916,0.0085381183,1,0.0085726267,0.0001603728"
2026-09-13T20:49:20.922-03:00,"CSV=1789340400000,0.007992,0.008122,0.007992,0.008049,10191164,0.00832674,0.0084542348,0.0081992452,1.5080578918,17.5035731844,30.893788013,16.0878764511,0.008467,-3.1058143734,16227593.2,0.6280145105,-3.8496138841,0.0085381183,1,0.0085726366,0.0001603728"
